{
  "type": "FeatureCollection",
  "features": [
    {
      "type": "Feature",
      "geometry": {
        "type": "Polygon",
        "coordinates": [
          [
            [
              84.33436454153335,
              20.055431338311255
            ],
            [
              84.33483477587106,
              20.055431338311255
            ],
            [
              84.33483477587106,
              20.0563916077872
            ],
            [
              84.33436454153335,
              20.0563916077872
            ],
            [
              84.33436454153335,
              20.055431338311255
            ]
          ]
        ]
      },
      "properties": {
        "ulpin": "IN-21-7659-P800",
        "area_sqm": 5226,
        "ownership_status": "Disputed",
        "confidence_score": 91.4,
        "owner_name": "Priya Rao"
      }
    },
    {
      "type": "Feature",
      "geometry": {
        "type": "Polygon",
        "coordinates": [
          [
            [
              84.2718936796902,
              20.240272544032212
            ],
            [
              84.2724606481029,
              20.240272544032212
            ],
            [
              84.2724606481029,
              20.24090941807779
            ],
            [
              84.2718936796902,
              20.24090941807779
            ],
            [
              84.2718936796902,
              20.240272544032212
            ]
          ]
        ]
      },
      "properties": {
        "ulpin": "IN-21-4708-P826",
        "area_sqm": 4174,
        "ownership_status": "Private",
        "confidence_score": 97.3,
        "owner_name": "Aditya Sharma"
      }
    },
    {
      "type": "Feature",
      "geometry": {
        "type": "Polygon",
        "coordinates": [
          [
            [
              84.24905048304159,
              20.012537965445695
            ],
            [
              84.24946414150597,
              20.012537965445695
            ],
            [
              84.24946414150597,
              20.013136679438574
            ],
            [
              84.24905048304159,
              20.013136679438574
            ],
            [
              84.24905048304159,
              20.012537965445695
            ]
          ]
        ]
      },
      "properties": {
        "ulpin": "IN-21-5854-P879",
        "area_sqm": 2867,
        "ownership_status": "Government",
        "confidence_score": 97.3,
        "owner_name": "State Govt. / Municipal"
      }
    },
    {
      "type": "Feature",
      "geometry": {
        "type": "Polygon",
        "coordinates": [
          [
            [
              84.35013116871858,
              20.039315700332807
            ],
            [
              84.35105169906522,
              20.039315700332807
            ],
            [
              84.35105169906522,
              20.040344054643068
            ],
            [
              84.35013116871858,
              20.040344054643068
            ],
            [
              84.35013116871858,
              20.039315700332807
            ]
          ]
        ]
      },
      "properties": {
        "ulpin": "IN-21-2501-P718",
        "area_sqm": 10957,
        "ownership_status": "Private",
        "confidence_score": 89.8,
        "owner_name": "Sai Kumar"
      }
    },
    {
      "type": "Feature",
      "geometry": {
        "type": "Polygon",
        "coordinates": [
          [
            [
              84.53639152438863,
              20.17523951178964
            ],
            [
              84.53751283840772,
              20.17523951178964
            ],
            [
              84.53751283840772,
              20.175718944024926
            ],
            [
              84.53639152438863,
              20.175718944024926
            ],
            [
              84.53639152438863,
              20.17523951178964
            ]
          ]
        ]
      },
      "properties": {
        "ulpin": "IN-21-8863-P538",
        "area_sqm": 6217,
        "ownership_status": "Disputed",
        "confidence_score": 94.2,
        "owner_name": "Aarav Nair"
      }
    },
    {
      "type": "Feature",
      "geometry": {
        "type": "Polygon",
        "coordinates": [
          [
            [
              84.22303361507134,
              20.354239474027302
            ],
            [
              84.22374256412917,
              20.354239474027302
            ],
            [
              84.22374256412917,
              20.35495183748076
            ],
            [
              84.22303361507134,
              20.35495183748076
            ],
            [
              84.22303361507134,
              20.354239474027302
            ]
          ]
        ]
      },
      "properties": {
        "ulpin": "IN-21-5901-P645",
        "area_sqm": 5833,
        "ownership_status": "Government",
        "confidence_score": 94.7,
        "owner_name": "State Govt. / Municipal"
      }
    },
    {
      "type": "Feature",
      "geometry": {
        "type": "Polygon",
        "coordinates": [
          [
            [
              84.58603270038847,
              20.350830770987784
            ],
            [
              84.586517163623,
              20.350830770987784
            ],
            [
              84.586517163623,
              20.35159689224903
            ],
            [
              84.58603270038847,
              20.35159689224903
            ],
            [
              84.58603270038847,
              20.350830770987784
            ]
          ]
        ]
      },
      "properties": {
        "ulpin": "IN-21-1351-P865",
        "area_sqm": 4287,
        "ownership_status": "Private",
        "confidence_score": 93,
        "owner_name": "Aadhya Patel"
      }
    },
    {
      "type": "Feature",
      "geometry": {
        "type": "Polygon",
        "coordinates": [
          [
            [
              84.55412893675705,
              20.381038944287646
            ],
            [
              84.5547552585466,
              20.381038944287646
            ],
            [
              84.5547552585466,
              20.38163844877741
            ],
            [
              84.55412893675705,
              20.38163844877741
            ],
            [
              84.55412893675705,
              20.381038944287646
            ]
          ]
        ]
      },
      "properties": {
        "ulpin": "IN-21-1312-P399",
        "area_sqm": 4336,
        "ownership_status": "Private",
        "confidence_score": 85.4,
        "owner_name": "Arjun Nair"
      }
    },
    {
      "type": "Feature",
      "geometry": {
        "type": "Polygon",
        "coordinates": [
          [
            [
              84.60664089279165,
              20.1614619734456
            ],
            [
              84.60726948335201,
              20.1614619734456
            ],
            [
              84.60726948335201,
              20.162263720424004
            ],
            [
              84.60664089279165,
              20.162263720424004
            ],
            [
              84.60664089279165,
              20.1614619734456
            ]
          ]
        ]
      },
      "properties": {
        "ulpin": "IN-21-1931-P840",
        "area_sqm": 5828,
        "ownership_status": "Disputed",
        "confidence_score": 88.6,
        "owner_name": "Diya Kumar"
      }
    },
    {
      "type": "Feature",
      "geometry": {
        "type": "Polygon",
        "coordinates": [
          [
            [
              84.51512426250486,
              20.38935485506927
            ],
            [
              84.51577936997093,
              20.38935485506927
            ],
            [
              84.51577936997093,
              20.390046665025
            ],
            [
              84.51512426250486,
              20.390046665025
            ],
            [
              84.51512426250486,
              20.38935485506927
            ]
          ]
        ]
      },
      "properties": {
        "ulpin": "IN-21-5257-P703",
        "area_sqm": 5234,
        "ownership_status": "Private",
        "confidence_score": 93.6,
        "owner_name": "Aadhya Verma"
      }
    },
    {
      "type": "Feature",
      "geometry": {
        "type": "Polygon",
        "coordinates": [
          [
            [
              84.14878830888833,
              20.141021060957296
            ],
            [
              84.14945461350518,
              20.141021060957296
            ],
            [
              84.14945461350518,
              20.142466525523812
            ],
            [
              84.14878830888833,
              20.142466525523812
            ],
            [
              84.14878830888833,
              20.141021060957296
            ]
          ]
        ]
      },
      "properties": {
        "ulpin": "IN-21-4983-P633",
        "area_sqm": 11140,
        "ownership_status": "Private",
        "confidence_score": 88.9,
        "owner_name": "Ananya Verma"
      }
    },
    {
      "type": "Feature",
      "geometry": {
        "type": "Polygon",
        "coordinates": [
          [
            [
              84.36024322763525,
              20.3975407764731
            ],
            [
              84.36122312412314,
              20.3975407764731
            ],
            [
              84.36122312412314,
              20.39863011609533
            ],
            [
              84.36024322763525,
              20.39863011609533
            ],
            [
              84.36024322763525,
              20.3975407764731
            ]
          ]
        ]
      },
      "properties": {
        "ulpin": "IN-21-4221-P575",
        "area_sqm": 12327,
        "ownership_status": "Government",
        "confidence_score": 98.3,
        "owner_name": "State Govt. / Municipal"
      }
    },
    {
      "type": "Feature",
      "geometry": {
        "type": "Polygon",
        "coordinates": [
          [
            [
              84.15514005028508,
              20.11219709125808
            ],
            [
              84.1564515011318,
              20.11219709125808
            ],
            [
              84.1564515011318,
              20.11280503783187
            ],
            [
              84.15514005028508,
              20.11280503783187
            ],
            [
              84.15514005028508,
              20.11219709125808
            ]
          ]
        ]
      },
      "properties": {
        "ulpin": "IN-21-7224-P528",
        "area_sqm": 9224,
        "ownership_status": "Private",
        "confidence_score": 89.6,
        "owner_name": "Aditya Patel"
      }
    },
    {
      "type": "Feature",
      "geometry": {
        "type": "Polygon",
        "coordinates": [
          [
            [
              84.36714567968576,
              20.346932557683836
            ],
            [
              84.36858245680448,
              20.346932557683836
            ],
            [
              84.36858245680448,
              20.347558990213273
            ],
            [
              84.36714567968576,
              20.347558990213273
            ],
            [
              84.36714567968576,
              20.346932557683836
            ]
          ]
        ]
      },
      "properties": {
        "ulpin": "IN-21-6318-P431",
        "area_sqm": 10397,
        "ownership_status": "Disputed",
        "confidence_score": 88,
        "owner_name": "Arjun Gupta"
      }
    },
    {
      "type": "Feature",
      "geometry": {
        "type": "Polygon",
        "coordinates": [
          [
            [
              84.7232189833845,
              20.00036370934056
            ],
            [
              84.72426637161735,
              20.00036370934056
            ],
            [
              84.72426637161735,
              20.001188735531297
            ],
            [
              84.7232189833845,
              20.001188735531297
            ],
            [
              84.7232189833845,
              20.00036370934056
            ]
          ]
        ]
      },
      "properties": {
        "ulpin": "IN-21-6128-P844",
        "area_sqm": 10004,
        "ownership_status": "Private",
        "confidence_score": 97,
        "owner_name": "Priya Kumar"
      }
    },
    {
      "type": "Feature",
      "geometry": {
        "type": "Polygon",
        "coordinates": [
          [
            [
              84.1695859879493,
              20.348196860789013
            ],
            [
              84.17075681310898,
              20.348196860789013
            ],
            [
              84.17075681310898,
              20.34862119926379
            ],
            [
              84.1695859879493,
              20.34862119926379
            ],
            [
              84.1695859879493,
              20.348196860789013
            ]
          ]
        ]
      },
      "properties": {
        "ulpin": "IN-21-1417-P774",
        "area_sqm": 5739,
        "ownership_status": "Private",
        "confidence_score": 99.5,
        "owner_name": "Aditya Nair"
      }
    },
    {
      "type": "Feature",
      "geometry": {
        "type": "Polygon",
        "coordinates": [
          [
            [
              84.34276261801776,
              19.97017882636322
            ],
            [
              84.34357583389054,
              19.97017882636322
            ],
            [
              84.34357583389054,
              19.97094450890545
            ],
            [
              84.34276261801776,
              19.97094450890545
            ],
            [
              84.34276261801776,
              19.97017882636322
            ]
          ]
        ]
      },
      "properties": {
        "ulpin": "IN-21-2462-P646",
        "area_sqm": 7210,
        "ownership_status": "Government",
        "confidence_score": 93.1,
        "owner_name": "State Govt. / Municipal"
      }
    },
    {
      "type": "Feature",
      "geometry": {
        "type": "Polygon",
        "coordinates": [
          [
            [
              84.40361427166019,
              20.241063871068985
            ],
            [
              84.40448467040203,
              20.241063871068985
            ],
            [
              84.40448467040203,
              20.24184526271083
            ],
            [
              84.40361427166019,
              20.24184526271083
            ],
            [
              84.40361427166019,
              20.241063871068985
            ]
          ]
        ]
      },
      "properties": {
        "ulpin": "IN-21-4558-P221",
        "area_sqm": 7862,
        "ownership_status": "Private",
        "confidence_score": 90.4,
        "owner_name": "Priya Singh"
      }
    },
    {
      "type": "Feature",
      "geometry": {
        "type": "Polygon",
        "coordinates": [
          [
            [
              84.73260835046904,
              20.10210009660458
            ],
            [
              84.73356784706215,
              20.10210009660458
            ],
            [
              84.73356784706215,
              20.103529819466953
            ],
            [
              84.73260835046904,
              20.103529819466953
            ],
            [
              84.73260835046904,
              20.10210009660458
            ]
          ]
        ]
      },
      "properties": {
        "ulpin": "IN-21-7269-P377",
        "area_sqm": 15872,
        "ownership_status": "Private",
        "confidence_score": 96.6,
        "owner_name": "Aditya Kumar"
      }
    },
    {
      "type": "Feature",
      "geometry": {
        "type": "Polygon",
        "coordinates": [
          [
            [
              84.36700008374068,
              20.311145646158934
            ],
            [
              84.36748539799665,
              20.311145646158934
            ],
            [
              84.36748539799665,
              20.311617944112495
            ],
            [
              84.36700008374068,
              20.311617944112495
            ],
            [
              84.36700008374068,
              20.311145646158934
            ]
          ]
        ]
      },
      "properties": {
        "ulpin": "IN-21-9643-P559",
        "area_sqm": 2648,
        "ownership_status": "Disputed",
        "confidence_score": 97.5,
        "owner_name": "Vihaan Patel"
      }
    },
    {
      "type": "Feature",
      "geometry": {
        "type": "Polygon",
        "coordinates": [
          [
            [
              84.26906240469839,
              20.356618944266753
            ],
            [
              84.27006344176104,
              20.356618944266753
            ],
            [
              84.27006344176104,
              20.35754976168325
            ],
            [
              84.26906240469839,
              20.35754976168325
            ],
            [
              84.26906240469839,
              20.356618944266753
            ]
          ]
        ]
      },
      "properties": {
        "ulpin": "IN-21-6381-P632",
        "area_sqm": 10763,
        "ownership_status": "Private",
        "confidence_score": 86.7,
        "owner_name": "Aarav Nair"
      }
    },
    {
      "type": "Feature",
      "geometry": {
        "type": "Polygon",
        "coordinates": [
          [
            [
              84.41101308734203,
              20.228530447962626
            ],
            [
              84.4122437449077,
              20.228530447962626
            ],
            [
              84.4122437449077,
              20.229659371563834
            ],
            [
              84.41101308734203,
              20.229659371563834
            ],
            [
              84.41101308734203,
              20.228530447962626
            ]
          ]
        ]
      },
      "properties": {
        "ulpin": "IN-21-6982-P864",
        "area_sqm": 16061,
        "ownership_status": "Private",
        "confidence_score": 88.7,
        "owner_name": "Aarav Verma"
      }
    },
    {
      "type": "Feature",
      "geometry": {
        "type": "Polygon",
        "coordinates": [
          [
            [
              84.38389321440893,
              19.96387626587469
            ],
            [
              84.38544774923567,
              19.96387626587469
            ],
            [
              84.38544774923567,
              19.964348740624153
            ],
            [
              84.38389321440893,
              19.964348740624153
            ],
            [
              84.38389321440893,
              19.96387626587469
            ]
          ]
        ]
      },
      "properties": {
        "ulpin": "IN-21-8447-P987",
        "area_sqm": 8505,
        "ownership_status": "Private",
        "confidence_score": 92.5,
        "owner_name": "Ananya Nair"
      }
    },
    {
      "type": "Feature",
      "geometry": {
        "type": "Polygon",
        "coordinates": [
          [
            [
              84.48552893831702,
              20.383342644867987
            ],
            [
              84.48611206451443,
              20.383342644867987
            ],
            [
              84.48611206451443,
              20.384784150795316
            ],
            [
              84.48552893831702,
              20.384784150795316
            ],
            [
              84.48552893831702,
              20.383342644867987
            ]
          ]
        ]
      },
      "properties": {
        "ulpin": "IN-21-6633-P889",
        "area_sqm": 9708,
        "ownership_status": "Disputed",
        "confidence_score": 87.7,
        "owner_name": "Diya Gupta"
      }
    },
    {
      "type": "Feature",
      "geometry": {
        "type": "Polygon",
        "coordinates": [
          [
            [
              84.30310181215357,
              20.393409230900943
            ],
            [
              84.30370816317962,
              20.393409230900943
            ],
            [
              84.30370816317962,
              20.39450766548008
            ],
            [
              84.30310181215357,
              20.39450766548008
            ],
            [
              84.30310181215357,
              20.393409230900943
            ]
          ]
        ]
      },
      "properties": {
        "ulpin": "IN-21-1063-P832",
        "area_sqm": 7691,
        "ownership_status": "Private",
        "confidence_score": 92.9,
        "owner_name": "Diya Singh"
      }
    },
    {
      "type": "Feature",
      "geometry": {
        "type": "Polygon",
        "coordinates": [
          [
            [
              84.36640388302406,
              20.070971174911264
            ],
            [
              84.36752042371924,
              20.070971174911264
            ],
            [
              84.36752042371924,
              20.07205555971528
            ],
            [
              84.36640388302406,
              20.07205555971528
            ],
            [
              84.36640388302406,
              20.070971174911264
            ]
          ]
        ]
      },
      "properties": {
        "ulpin": "IN-21-5058-P495",
        "area_sqm": 14011,
        "ownership_status": "Private",
        "confidence_score": 91.7,
        "owner_name": "Ananya Das"
      }
    },
    {
      "type": "Feature",
      "geometry": {
        "type": "Polygon",
        "coordinates": [
          [
            [
              84.39949725907087,
              20.25399079491006
            ],
            [
              84.40095903842922,
              20.25399079491006
            ],
            [
              84.40095903842922,
              20.25490535139632
            ],
            [
              84.39949725907087,
              20.25490535139632
            ],
            [
              84.39949725907087,
              20.25399079491006
            ]
          ]
        ]
      },
      "properties": {
        "ulpin": "IN-21-6974-P775",
        "area_sqm": 15453,
        "ownership_status": "Private",
        "confidence_score": 94.4,
        "owner_name": "Priya Singh"
      }
    },
    {
      "type": "Feature",
      "geometry": {
        "type": "Polygon",
        "coordinates": [
          [
            [
              84.17109204056685,
              20.085417526954416
            ],
            [
              84.17230136013994,
              20.085417526954416
            ],
            [
              84.17230136013994,
              20.086182312985077
            ],
            [
              84.17109204056685,
              20.086182312985077
            ],
            [
              84.17109204056685,
              20.085417526954416
            ]
          ]
        ]
      },
      "properties": {
        "ulpin": "IN-21-1018-P566",
        "area_sqm": 10702,
        "ownership_status": "Government",
        "confidence_score": 86.9,
        "owner_name": "State Govt. / Municipal"
      }
    },
    {
      "type": "Feature",
      "geometry": {
        "type": "Polygon",
        "coordinates": [
          [
            [
              84.41477735281508,
              20.373923530639427
            ],
            [
              84.41598379584028,
              20.373923530639427
            ],
            [
              84.41598379584028,
              20.3747130651407
            ],
            [
              84.41477735281508,
              20.3747130651407
            ],
            [
              84.41477735281508,
              20.373923530639427
            ]
          ]
        ]
      },
      "properties": {
        "ulpin": "IN-21-9397-P172",
        "area_sqm": 11001,
        "ownership_status": "Government",
        "confidence_score": 86.2,
        "owner_name": "State Govt. / Municipal"
      }
    },
    {
      "type": "Feature",
      "geometry": {
        "type": "Polygon",
        "coordinates": [
          [
            [
              84.16255563833613,
              20.07210496427183
            ],
            [
              84.16413085739003,
              20.07210496427183
            ],
            [
              84.16413085739003,
              20.07326759897796
            ],
            [
              84.16255563833613,
              20.07326759897796
            ],
            [
              84.16255563833613,
              20.07210496427183
            ]
          ]
        ]
      },
      "properties": {
        "ulpin": "IN-21-8094-P238",
        "area_sqm": 21194,
        "ownership_status": "Private",
        "confidence_score": 96.4,
        "owner_name": "Arjun Verma"
      }
    },
    {
      "type": "Feature",
      "geometry": {
        "type": "Polygon",
        "coordinates": [
          [
            [
              84.63102114235683,
              20.029830766067896
            ],
            [
              84.63181059969675,
              20.029830766067896
            ],
            [
              84.63181059969675,
              20.030995448366994
            ],
            [
              84.63102114235683,
              20.030995448366994
            ],
            [
              84.63102114235683,
              20.029830766067896
            ]
          ]
        ]
      },
      "properties": {
        "ulpin": "IN-21-2642-P301",
        "area_sqm": 10643,
        "ownership_status": "Disputed",
        "confidence_score": 96.7,
        "owner_name": "Aarav Rao"
      }
    },
    {
      "type": "Feature",
      "geometry": {
        "type": "Polygon",
        "coordinates": [
          [
            [
              84.20774715091054,
              20.2440449636935
            ],
            [
              84.20847923315053,
              20.2440449636935
            ],
            [
              84.20847923315053,
              20.245586612392543
            ],
            [
              84.20774715091054,
              20.245586612392543
            ],
            [
              84.20774715091054,
              20.2440449636935
            ]
          ]
        ]
      },
      "properties": {
        "ulpin": "IN-21-8014-P702",
        "area_sqm": 13046,
        "ownership_status": "Government",
        "confidence_score": 99.2,
        "owner_name": "State Govt. / Municipal"
      }
    },
    {
      "type": "Feature",
      "geometry": {
        "type": "Polygon",
        "coordinates": [
          [
            [
              84.3666817626295,
              20.210999992962265
            ],
            [
              84.3680755379801,
              20.210999992962265
            ],
            [
              84.3680755379801,
              20.211977261650986
            ],
            [
              84.3666817626295,
              20.211977261650986
            ],
            [
              84.3666817626295,
              20.210999992962265
            ]
          ]
        ]
      },
      "properties": {
        "ulpin": "IN-21-5432-P496",
        "area_sqm": 15749,
        "ownership_status": "Government",
        "confidence_score": 99.5,
        "owner_name": "State Govt. / Municipal"
      }
    },
    {
      "type": "Feature",
      "geometry": {
        "type": "Polygon",
        "coordinates": [
          [
            [
              84.50305383540388,
              20.011372057635214
            ],
            [
              84.50345451055068,
              20.011372057635214
            ],
            [
              84.50345451055068,
              20.01246916812144
            ],
            [
              84.50305383540388,
              20.01246916812144
            ],
            [
              84.50305383540388,
              20.011372057635214
            ]
          ]
        ]
      },
      "properties": {
        "ulpin": "IN-21-3614-P289",
        "area_sqm": 5089,
        "ownership_status": "Private",
        "confidence_score": 96.7,
        "owner_name": "Diya Verma"
      }
    },
    {
      "type": "Feature",
      "geometry": {
        "type": "Polygon",
        "coordinates": [
          [
            [
              84.49584491511521,
              20.378824881187132
            ],
            [
              84.49702631342716,
              20.378824881187132
            ],
            [
              84.49702631342716,
              20.37945579687896
            ],
            [
              84.49584491511521,
              20.37945579687896
            ],
            [
              84.49584491511521,
              20.378824881187132
            ]
          ]
        ]
      },
      "properties": {
        "ulpin": "IN-21-7140-P263",
        "area_sqm": 8608,
        "ownership_status": "Private",
        "confidence_score": 88.5,
        "owner_name": "Kavya Rao"
      }
    },
    {
      "type": "Feature",
      "geometry": {
        "type": "Polygon",
        "coordinates": [
          [
            [
              84.71219029055405,
              20.134685753090004
            ],
            [
              84.71324274022946,
              20.134685753090004
            ],
            [
              84.71324274022946,
              20.135607494687193
            ],
            [
              84.71219029055405,
              20.135607494687193
            ],
            [
              84.71219029055405,
              20.134685753090004
            ]
          ]
        ]
      },
      "properties": {
        "ulpin": "IN-21-2876-P891",
        "area_sqm": 11221,
        "ownership_status": "Disputed",
        "confidence_score": 87.3,
        "owner_name": "Aditya Sharma"
      }
    },
    {
      "type": "Feature",
      "geometry": {
        "type": "Polygon",
        "coordinates": [
          [
            [
              84.5801575491438,
              20.069268844922124
            ],
            [
              84.58109867693786,
              20.069268844922124
            ],
            [
              84.58109867693786,
              20.06989845643533
            ],
            [
              84.5801575491438,
              20.06989845643533
            ],
            [
              84.5801575491438,
              20.069268844922124
            ]
          ]
        ]
      },
      "properties": {
        "ulpin": "IN-21-6983-P807",
        "area_sqm": 6857,
        "ownership_status": "Disputed",
        "confidence_score": 87.5,
        "owner_name": "Aadhya Singh"
      }
    },
    {
      "type": "Feature",
      "geometry": {
        "type": "Polygon",
        "coordinates": [
          [
            [
              84.50032462723703,
              20.399782912896484
            ],
            [
              84.5014537949812,
              20.399782912896484
            ],
            [
              84.5014537949812,
              20.401364568492266
            ],
            [
              84.50032462723703,
              20.401364568492266
            ],
            [
              84.50032462723703,
              20.399782912896484
            ]
          ]
        ]
      },
      "properties": {
        "ulpin": "IN-21-4324-P341",
        "area_sqm": 20624,
        "ownership_status": "Government",
        "confidence_score": 96.5,
        "owner_name": "State Govt. / Municipal"
      }
    },
    {
      "type": "Feature",
      "geometry": {
        "type": "Polygon",
        "coordinates": [
          [
            [
              84.20709299769727,
              20.321923741518358
            ],
            [
              84.20842720364693,
              20.321923741518358
            ],
            [
              84.20842720364693,
              20.322729318994917
            ],
            [
              84.20709299769727,
              20.322729318994917
            ],
            [
              84.20709299769727,
              20.321923741518358
            ]
          ]
        ]
      },
      "properties": {
        "ulpin": "IN-21-3985-P916",
        "area_sqm": 12418,
        "ownership_status": "Private",
        "confidence_score": 97.6,
        "owner_name": "Aditya Das"
      }
    },
    {
      "type": "Feature",
      "geometry": {
        "type": "Polygon",
        "coordinates": [
          [
            [
              84.32750182254858,
              19.975909989165558
            ],
            [
              84.32791116013733,
              19.975909989165558
            ],
            [
              84.32791116013733,
              19.976948984890527
            ],
            [
              84.32750182254858,
              19.976948984890527
            ],
            [
              84.32750182254858,
              19.975909989165558
            ]
          ]
        ]
      },
      "properties": {
        "ulpin": "IN-21-1434-P675",
        "area_sqm": 4924,
        "ownership_status": "Government",
        "confidence_score": 96.9,
        "owner_name": "State Govt. / Municipal"
      }
    },
    {
      "type": "Feature",
      "geometry": {
        "type": "Polygon",
        "coordinates": [
          [
            [
              84.30360532002844,
              20.105996095340636
            ],
            [
              84.30417500266606,
              20.105996095340636
            ],
            [
              84.30417500266606,
              20.106429511528155
            ],
            [
              84.30360532002844,
              20.106429511528155
            ],
            [
              84.30360532002844,
              20.105996095340636
            ]
          ]
        ]
      },
      "properties": {
        "ulpin": "IN-21-3494-P313",
        "area_sqm": 2856,
        "ownership_status": "Private",
        "confidence_score": 85.6,
        "owner_name": "Diya Reddy"
      }
    },
    {
      "type": "Feature",
      "geometry": {
        "type": "Polygon",
        "coordinates": [
          [
            [
              84.73007774207211,
              20.3208429264332
            ],
            [
              84.73140962594816,
              20.3208429264332
            ],
            [
              84.73140962594816,
              20.321481885442775
            ],
            [
              84.73007774207211,
              20.321481885442775
            ],
            [
              84.73007774207211,
              20.3208429264332
            ]
          ]
        ]
      },
      "properties": {
        "ulpin": "IN-21-5482-P774",
        "area_sqm": 9832,
        "ownership_status": "Private",
        "confidence_score": 87,
        "owner_name": "Aadhya Reddy"
      }
    },
    {
      "type": "Feature",
      "geometry": {
        "type": "Polygon",
        "coordinates": [
          [
            [
              84.58144267435273,
              20.11243753207676
            ],
            [
              84.58190915649773,
              20.11243753207676
            ],
            [
              84.58190915649773,
              20.113623001582003
            ],
            [
              84.58144267435273,
              20.113623001582003
            ],
            [
              84.58144267435273,
              20.11243753207676
            ]
          ]
        ]
      },
      "properties": {
        "ulpin": "IN-21-5282-P220",
        "area_sqm": 6398,
        "ownership_status": "Private",
        "confidence_score": 99.2,
        "owner_name": "Aarav Sharma"
      }
    },
    {
      "type": "Feature",
      "geometry": {
        "type": "Polygon",
        "coordinates": [
          [
            [
              84.5424159992142,
              19.98953744080396
            ],
            [
              84.5439687414068,
              19.98953744080396
            ],
            [
              84.5439687414068,
              19.99063338530634
            ],
            [
              84.5424159992142,
              19.99063338530634
            ],
            [
              84.5424159992142,
              19.98953744080396
            ]
          ]
        ]
      },
      "properties": {
        "ulpin": "IN-21-6414-P741",
        "area_sqm": 19703,
        "ownership_status": "Disputed",
        "confidence_score": 96.4,
        "owner_name": "Sai Nair"
      }
    },
    {
      "type": "Feature",
      "geometry": {
        "type": "Polygon",
        "coordinates": [
          [
            [
              84.35542169547409,
              20.29611941585339
            ],
            [
              84.35666226202456,
              20.29611941585339
            ],
            [
              84.35666226202456,
              20.297403299038322
            ],
            [
              84.35542169547409,
              20.297403299038322
            ],
            [
              84.35542169547409,
              20.29611941585339
            ]
          ]
        ]
      },
      "properties": {
        "ulpin": "IN-21-5226-P492",
        "area_sqm": 18405,
        "ownership_status": "Private",
        "confidence_score": 85.9,
        "owner_name": "Ananya Kumar"
      }
    },
    {
      "type": "Feature",
      "geometry": {
        "type": "Polygon",
        "coordinates": [
          [
            [
              84.28333435799011,
              20.16300378098691
            ],
            [
              84.28488245126454,
              20.16300378098691
            ],
            [
              84.28488245126454,
              20.16399577086207
            ],
            [
              84.28333435799011,
              20.16399577086207
            ],
            [
              84.28333435799011,
              20.16300378098691
            ]
          ]
        ]
      },
      "properties": {
        "ulpin": "IN-21-8644-P542",
        "area_sqm": 17761,
        "ownership_status": "Private",
        "confidence_score": 95.9,
        "owner_name": "Arjun Rao"
      }
    },
    {
      "type": "Feature",
      "geometry": {
        "type": "Polygon",
        "coordinates": [
          [
            [
              84.26221897139554,
              20.420227776617494
            ],
            [
              84.26310811776742,
              20.420227776617494
            ],
            [
              84.26310811776742,
              20.420795636699683
            ],
            [
              84.26221897139554,
              20.420795636699683
            ],
            [
              84.26221897139554,
              20.420227776617494
            ]
          ]
        ]
      },
      "properties": {
        "ulpin": "IN-21-7545-P649",
        "area_sqm": 5830,
        "ownership_status": "Private",
        "confidence_score": 88,
        "owner_name": "Aarav Sharma"
      }
    },
    {
      "type": "Feature",
      "geometry": {
        "type": "Polygon",
        "coordinates": [
          [
            [
              84.27751641570399,
              20.22885341457288
            ],
            [
              84.27793040096559,
              20.22885341457288
            ],
            [
              84.27793040096559,
              20.230405205952046
            ],
            [
              84.27751641570399,
              20.230405205952046
            ],
            [
              84.27751641570399,
              20.22885341457288
            ]
          ]
        ]
      },
      "properties": {
        "ulpin": "IN-21-1078-P757",
        "area_sqm": 7427,
        "ownership_status": "Disputed",
        "confidence_score": 99.2,
        "owner_name": "Vihaan Kumar"
      }
    },
    {
      "type": "Feature",
      "geometry": {
        "type": "Polygon",
        "coordinates": [
          [
            [
              84.16008365131759,
              20.381371884575124
            ],
            [
              84.1614688750292,
              20.381371884575124
            ],
            [
              84.1614688750292,
              20.382698526510517
            ],
            [
              84.16008365131759,
              20.382698526510517
            ],
            [
              84.16008365131759,
              20.381371884575124
            ]
          ]
        ]
      },
      "properties": {
        "ulpin": "IN-21-9992-P640",
        "area_sqm": 21224,
        "ownership_status": "Private",
        "confidence_score": 98.9,
        "owner_name": "Arjun Rao"
      }
    },
    {
      "type": "Feature",
      "geometry": {
        "type": "Polygon",
        "coordinates": [
          [
            [
              84.73164661791895,
              20.412620109725765
            ],
            [
              84.73277561071009,
              20.412620109725765
            ],
            [
              84.73277561071009,
              20.41338699907585
            ],
            [
              84.73164661791895,
              20.41338699907585
            ],
            [
              84.73164661791895,
              20.412620109725765
            ]
          ]
        ]
      },
      "properties": {
        "ulpin": "IN-21-8148-P171",
        "area_sqm": 9997,
        "ownership_status": "Private",
        "confidence_score": 93,
        "owner_name": "Aditya Reddy"
      }
    },
    {
      "type": "Feature",
      "geometry": {
        "type": "Polygon",
        "coordinates": [
          [
            [
              84.14851816193293,
              20.310885721522222
            ],
            [
              84.14937569920453,
              20.310885721522222
            ],
            [
              84.14937569920453,
              20.31234362117036
            ],
            [
              84.14851816193293,
              20.31234362117036
            ],
            [
              84.14851816193293,
              20.310885721522222
            ]
          ]
        ]
      },
      "properties": {
        "ulpin": "IN-21-9183-P254",
        "area_sqm": 14445,
        "ownership_status": "Private",
        "confidence_score": 93.9,
        "owner_name": "Kavya Rao"
      }
    },
    {
      "type": "Feature",
      "geometry": {
        "type": "Polygon",
        "coordinates": [
          [
            [
              84.20061407920285,
              20.268856167204884
            ],
            [
              84.20166805992868,
              20.268856167204884
            ],
            [
              84.20166805992868,
              20.26926814084352
            ],
            [
              84.20061407920285,
              20.26926814084352
            ],
            [
              84.20061407920285,
              20.268856167204884
            ]
          ]
        ]
      },
      "properties": {
        "ulpin": "IN-21-8531-P735",
        "area_sqm": 5018,
        "ownership_status": "Private",
        "confidence_score": 92.8,
        "owner_name": "Aadhya Rao"
      }
    },
    {
      "type": "Feature",
      "geometry": {
        "type": "Polygon",
        "coordinates": [
          [
            [
              84.69525056825394,
              20.331773204250293
            ],
            [
              84.69657648973947,
              20.331773204250293
            ],
            [
              84.69657648973947,
              20.33289690517678
            ],
            [
              84.69525056825394,
              20.33289690517678
            ],
            [
              84.69525056825394,
              20.331773204250293
            ]
          ]
        ]
      },
      "properties": {
        "ulpin": "IN-21-1162-P335",
        "area_sqm": 17213,
        "ownership_status": "Disputed",
        "confidence_score": 96.4,
        "owner_name": "Sai Patel"
      }
    },
    {
      "type": "Feature",
      "geometry": {
        "type": "Polygon",
        "coordinates": [
          [
            [
              84.46479657545244,
              20.390529859227918
            ],
            [
              84.46543742977971,
              20.390529859227918
            ],
            [
              84.46543742977971,
              20.391862839282233
            ],
            [
              84.46479657545244,
              20.391862839282233
            ],
            [
              84.46479657545244,
              20.390529859227918
            ]
          ]
        ]
      },
      "properties": {
        "ulpin": "IN-21-4226-P377",
        "area_sqm": 9865,
        "ownership_status": "Disputed",
        "confidence_score": 86.5,
        "owner_name": "Aarav Singh"
      }
    },
    {
      "type": "Feature",
      "geometry": {
        "type": "Polygon",
        "coordinates": [
          [
            [
              84.20295510277356,
              20.42634419102845
            ],
            [
              84.20359541639127,
              20.42634419102845
            ],
            [
              84.20359541639127,
              20.42693151432809
            ],
            [
              84.20295510277356,
              20.42693151432809
            ],
            [
              84.20295510277356,
              20.42634419102845
            ]
          ]
        ]
      },
      "properties": {
        "ulpin": "IN-21-9519-P216",
        "area_sqm": 4342,
        "ownership_status": "Disputed",
        "confidence_score": 96.1,
        "owner_name": "Arjun Verma"
      }
    },
    {
      "type": "Feature",
      "geometry": {
        "type": "Polygon",
        "coordinates": [
          [
            [
              84.65292986371928,
              20.355404902776925
            ],
            [
              84.65367728374481,
              20.355404902776925
            ],
            [
              84.65367728374481,
              20.35597506181468
            ],
            [
              84.65292986371928,
              20.35597506181468
            ],
            [
              84.65292986371928,
              20.355404902776925
            ]
          ]
        ]
      },
      "properties": {
        "ulpin": "IN-21-8641-P605",
        "area_sqm": 4922,
        "ownership_status": "Disputed",
        "confidence_score": 91.8,
        "owner_name": "Aadhya Reddy"
      }
    },
    {
      "type": "Feature",
      "geometry": {
        "type": "Polygon",
        "coordinates": [
          [
            [
              84.67702444201834,
              20.267485492570014
            ],
            [
              84.67837021858668,
              20.267485492570014
            ],
            [
              84.67837021858668,
              20.268328504330146
            ],
            [
              84.67702444201834,
              20.268328504330146
            ],
            [
              84.67702444201834,
              20.267485492570014
            ]
          ]
        ]
      },
      "properties": {
        "ulpin": "IN-21-7638-P124",
        "area_sqm": 13112,
        "ownership_status": "Private",
        "confidence_score": 95,
        "owner_name": "Aditya Rao"
      }
    },
    {
      "type": "Feature",
      "geometry": {
        "type": "Polygon",
        "coordinates": [
          [
            [
              84.38113270794412,
              20.238963397878337
            ],
            [
              84.38246340062506,
              20.238963397878337
            ],
            [
              84.38246340062506,
              20.23992851164848
            ],
            [
              84.38113270794412,
              20.23992851164848
            ],
            [
              84.38113270794412,
              20.238963397878337
            ]
          ]
        ]
      },
      "properties": {
        "ulpin": "IN-21-3179-P189",
        "area_sqm": 14846,
        "ownership_status": "Private",
        "confidence_score": 98.8,
        "owner_name": "Diya Nair"
      }
    },
    {
      "type": "Feature",
      "geometry": {
        "type": "Polygon",
        "coordinates": [
          [
            [
              84.62744280651769,
              19.956430298692556
            ],
            [
              84.62795543566182,
              19.956430298692556
            ],
            [
              84.62795543566182,
              19.957393721499095
            ],
            [
              84.62744280651769,
              19.957393721499095
            ],
            [
              84.62744280651769,
              19.956430298692556
            ]
          ]
        ]
      },
      "properties": {
        "ulpin": "IN-21-5768-P936",
        "area_sqm": 5719,
        "ownership_status": "Private",
        "confidence_score": 89.3,
        "owner_name": "Vihaan Kumar"
      }
    },
    {
      "type": "Feature",
      "geometry": {
        "type": "Polygon",
        "coordinates": [
          [
            [
              84.19682030627695,
              19.973239094148692
            ],
            [
              84.1980248041854,
              19.973239094148692
            ],
            [
              84.1980248041854,
              19.974030049566082
            ],
            [
              84.19682030627695,
              19.974030049566082
            ],
            [
              84.19682030627695,
              19.973239094148692
            ]
          ]
        ]
      },
      "properties": {
        "ulpin": "IN-21-6957-P779",
        "area_sqm": 11032,
        "ownership_status": "Government",
        "confidence_score": 98.7,
        "owner_name": "State Govt. / Municipal"
      }
    },
    {
      "type": "Feature",
      "geometry": {
        "type": "Polygon",
        "coordinates": [
          [
            [
              84.14118492806685,
              20.256727375294837
            ],
            [
              84.14206816402583,
              20.256727375294837
            ],
            [
              84.14206816402583,
              20.257171701416805
            ],
            [
              84.14118492806685,
              20.257171701416805
            ],
            [
              84.14118492806685,
              20.256727375294837
            ]
          ]
        ]
      },
      "properties": {
        "ulpin": "IN-21-5007-P562",
        "area_sqm": 4536,
        "ownership_status": "Disputed",
        "confidence_score": 86.8,
        "owner_name": "Arjun Nair"
      }
    },
    {
      "type": "Feature",
      "geometry": {
        "type": "Polygon",
        "coordinates": [
          [
            [
              84.34271728426268,
              20.120668755235613
            ],
            [
              84.34412684693966,
              20.120668755235613
            ],
            [
              84.34412684693966,
              20.12122610429171
            ],
            [
              84.34271728426268,
              20.12122610429171
            ],
            [
              84.34271728426268,
              20.120668755235613
            ]
          ]
        ]
      },
      "properties": {
        "ulpin": "IN-21-9218-P916",
        "area_sqm": 9088,
        "ownership_status": "Private",
        "confidence_score": 87.3,
        "owner_name": "Arjun Gupta"
      }
    },
    {
      "type": "Feature",
      "geometry": {
        "type": "Polygon",
        "coordinates": [
          [
            [
              84.5468801772743,
              20.36892751975158
            ],
            [
              84.54789257096739,
              20.36892751975158
            ],
            [
              84.54789257096739,
              20.36939282004348
            ],
            [
              84.5468801772743,
              20.36939282004348
            ],
            [
              84.5468801772743,
              20.36892751975158
            ]
          ]
        ]
      },
      "properties": {
        "ulpin": "IN-21-5134-P579",
        "area_sqm": 5441,
        "ownership_status": "Disputed",
        "confidence_score": 90,
        "owner_name": "Sai Patel"
      }
    },
    {
      "type": "Feature",
      "geometry": {
        "type": "Polygon",
        "coordinates": [
          [
            [
              84.70536389844446,
              20.19922047742192
            ],
            [
              84.70696217530643,
              20.19922047742192
            ],
            [
              84.70696217530643,
              20.199787267429745
            ],
            [
              84.70536389844446,
              20.199787267429745
            ],
            [
              84.70536389844446,
              20.19922047742192
            ]
          ]
        ]
      },
      "properties": {
        "ulpin": "IN-21-5169-P749",
        "area_sqm": 10474,
        "ownership_status": "Government",
        "confidence_score": 93.6,
        "owner_name": "State Govt. / Municipal"
      }
    },
    {
      "type": "Feature",
      "geometry": {
        "type": "Polygon",
        "coordinates": [
          [
            [
              84.34270531234695,
              20.422282987548346
            ],
            [
              84.34427519249375,
              20.422282987548346
            ],
            [
              84.34427519249375,
              20.422707514681296
            ],
            [
              84.34270531234695,
              20.422707514681296
            ],
            [
              84.34270531234695,
              20.422282987548346
            ]
          ]
        ]
      },
      "properties": {
        "ulpin": "IN-21-2194-P362",
        "area_sqm": 7695,
        "ownership_status": "Private",
        "confidence_score": 85.8,
        "owner_name": "Arjun Sharma"
      }
    },
    {
      "type": "Feature",
      "geometry": {
        "type": "Polygon",
        "coordinates": [
          [
            [
              84.26685356917913,
              20.155805045910913
            ],
            [
              84.26824804369171,
              20.155805045910913
            ],
            [
              84.26824804369171,
              20.157391466003286
            ],
            [
              84.26685356917913,
              20.157391466003286
            ],
            [
              84.26685356917913,
              20.155805045910913
            ]
          ]
        ]
      },
      "properties": {
        "ulpin": "IN-21-5327-P942",
        "area_sqm": 25587,
        "ownership_status": "Private",
        "confidence_score": 87.3,
        "owner_name": "Aadhya Das"
      }
    },
    {
      "type": "Feature",
      "geometry": {
        "type": "Polygon",
        "coordinates": [
          [
            [
              84.35592628469162,
              20.35985445572111
            ],
            [
              84.35660777609888,
              20.35985445572111
            ],
            [
              84.35660777609888,
              20.360856397977155
            ],
            [
              84.35592628469162,
              20.360856397977155
            ],
            [
              84.35592628469162,
              20.35985445572111
            ]
          ]
        ]
      },
      "properties": {
        "ulpin": "IN-21-7302-P828",
        "area_sqm": 7887,
        "ownership_status": "Private",
        "confidence_score": 86.5,
        "owner_name": "Arjun Reddy"
      }
    },
    {
      "type": "Feature",
      "geometry": {
        "type": "Polygon",
        "coordinates": [
          [
            [
              84.20727535903052,
              20.164859295610036
            ],
            [
              84.20768500121497,
              20.164859295610036
            ],
            [
              84.20768500121497,
              20.16584656962025
            ],
            [
              84.20727535903052,
              20.16584656962025
            ],
            [
              84.20727535903052,
              20.164859295610036
            ]
          ]
        ]
      },
      "properties": {
        "ulpin": "IN-21-7615-P427",
        "area_sqm": 4677,
        "ownership_status": "Government",
        "confidence_score": 99.2,
        "owner_name": "State Govt. / Municipal"
      }
    },
    {
      "type": "Feature",
      "geometry": {
        "type": "Polygon",
        "coordinates": [
          [
            [
              84.20621952052788,
              19.97542183810915
            ],
            [
              84.20690959451076,
              19.97542183810915
            ],
            [
              84.20690959451076,
              19.976504755592778
            ],
            [
              84.20621952052788,
              19.976504755592778
            ],
            [
              84.20621952052788,
              19.97542183810915
            ]
          ]
        ]
      },
      "properties": {
        "ulpin": "IN-21-4910-P676",
        "area_sqm": 8653,
        "ownership_status": "Private",
        "confidence_score": 85.7,
        "owner_name": "Ananya Singh"
      }
    },
    {
      "type": "Feature",
      "geometry": {
        "type": "Polygon",
        "coordinates": [
          [
            [
              84.45456460254286,
              20.165967875138236
            ],
            [
              84.45599654779885,
              20.165967875138236
            ],
            [
              84.45599654779885,
              20.167484299456778
            ],
            [
              84.45456460254286,
              20.167484299456778
            ],
            [
              84.45456460254286,
              20.165967875138236
            ]
          ]
        ]
      },
      "properties": {
        "ulpin": "IN-21-8908-P383",
        "area_sqm": 25114,
        "ownership_status": "Private",
        "confidence_score": 86.1,
        "owner_name": "Kavya Singh"
      }
    },
    {
      "type": "Feature",
      "geometry": {
        "type": "Polygon",
        "coordinates": [
          [
            [
              84.30948303835034,
              19.999450926324638
            ],
            [
              84.31075946660765,
              19.999450926324638
            ],
            [
              84.31075946660765,
              20.000162568369834
            ],
            [
              84.30948303835034,
              20.000162568369834
            ],
            [
              84.30948303835034,
              19.999450926324638
            ]
          ]
        ]
      },
      "properties": {
        "ulpin": "IN-21-9827-P110",
        "area_sqm": 10516,
        "ownership_status": "Government",
        "confidence_score": 89.5,
        "owner_name": "State Govt. / Municipal"
      }
    },
    {
      "type": "Feature",
      "geometry": {
        "type": "Polygon",
        "coordinates": [
          [
            [
              84.74085578206943,
              20.18355183237764
            ],
            [
              84.74152325188281,
              20.18355183237764
            ],
            [
              84.74152325188281,
              20.184516712856702
            ],
            [
              84.74085578206943,
              20.184516712856702
            ],
            [
              84.74085578206943,
              20.18355183237764
            ]
          ]
        ]
      },
      "properties": {
        "ulpin": "IN-21-7819-P129",
        "area_sqm": 7447,
        "ownership_status": "Private",
        "confidence_score": 86.1,
        "owner_name": "Arjun Rao"
      }
    },
    {
      "type": "Feature",
      "geometry": {
        "type": "Polygon",
        "coordinates": [
          [
            [
              84.5426219934902,
              19.969324345593815
            ],
            [
              84.5439535764138,
              19.969324345593815
            ],
            [
              84.5439535764138,
              19.97050822080259
            ],
            [
              84.5426219934902,
              19.97050822080259
            ],
            [
              84.5426219934902,
              19.969324345593815
            ]
          ]
        ]
      },
      "properties": {
        "ulpin": "IN-21-7580-P277",
        "area_sqm": 18255,
        "ownership_status": "Disputed",
        "confidence_score": 89.8,
        "owner_name": "Kavya Nair"
      }
    },
    {
      "type": "Feature",
      "geometry": {
        "type": "Polygon",
        "coordinates": [
          [
            [
              84.512301525386,
              20.279709647104387
            ],
            [
              84.51344360916904,
              20.279709647104387
            ],
            [
              84.51344360916904,
              20.28029129913294
            ],
            [
              84.512301525386,
              20.28029129913294
            ],
            [
              84.512301525386,
              20.279709647104387
            ]
          ]
        ]
      },
      "properties": {
        "ulpin": "IN-21-2493-P758",
        "area_sqm": 7677,
        "ownership_status": "Private",
        "confidence_score": 86.3,
        "owner_name": "Sai Gupta"
      }
    },
    {
      "type": "Feature",
      "geometry": {
        "type": "Polygon",
        "coordinates": [
          [
            [
              84.32205681004896,
              20.415555138373136
            ],
            [
              84.32342478059525,
              20.415555138373136
            ],
            [
              84.32342478059525,
              20.416597616955396
            ],
            [
              84.32205681004896,
              20.416597616955396
            ],
            [
              84.32205681004896,
              20.415555138373136
            ]
          ]
        ]
      },
      "properties": {
        "ulpin": "IN-21-2471-P609",
        "area_sqm": 16467,
        "ownership_status": "Government",
        "confidence_score": 94.5,
        "owner_name": "State Govt. / Municipal"
      }
    },
    {
      "type": "Feature",
      "geometry": {
        "type": "Polygon",
        "coordinates": [
          [
            [
              84.61947130346425,
              20.098729358870933
            ],
            [
              84.62089716957534,
              20.098729358870933
            ],
            [
              84.62089716957534,
              20.099799385501388
            ],
            [
              84.61947130346425,
              20.099799385501388
            ],
            [
              84.61947130346425,
              20.098729358870933
            ]
          ]
        ]
      },
      "properties": {
        "ulpin": "IN-21-1583-P223",
        "area_sqm": 17653,
        "ownership_status": "Disputed",
        "confidence_score": 99.9,
        "owner_name": "Sai Singh"
      }
    },
    {
      "type": "Feature",
      "geometry": {
        "type": "Polygon",
        "coordinates": [
          [
            [
              84.24360896790469,
              20.027316837823495
            ],
            [
              84.24457439238891,
              20.027316837823495
            ],
            [
              84.24457439238891,
              20.028402368176323
            ],
            [
              84.24360896790469,
              20.028402368176323
            ],
            [
              84.24360896790469,
              20.027316837823495
            ]
          ]
        ]
      },
      "properties": {
        "ulpin": "IN-21-7530-P689",
        "area_sqm": 12131,
        "ownership_status": "Private",
        "confidence_score": 95.7,
        "owner_name": "Sai Verma"
      }
    },
    {
      "type": "Feature",
      "geometry": {
        "type": "Polygon",
        "coordinates": [
          [
            [
              84.23720566312761,
              20.315112293226914
            ],
            [
              84.2380264324549,
              20.315112293226914
            ],
            [
              84.2380264324549,
              20.316239103388625
            ],
            [
              84.23720566312761,
              20.316239103388625
            ],
            [
              84.23720566312761,
              20.315112293226914
            ]
          ]
        ]
      },
      "properties": {
        "ulpin": "IN-21-6041-P818",
        "area_sqm": 10686,
        "ownership_status": "Government",
        "confidence_score": 85.7,
        "owner_name": "State Govt. / Municipal"
      }
    },
    {
      "type": "Feature",
      "geometry": {
        "type": "Polygon",
        "coordinates": [
          [
            [
              84.4074201055693,
              20.141364923000538
            ],
            [
              84.40805779405623,
              20.141364923000538
            ],
            [
              84.40805779405623,
              20.14257221436594
            ],
            [
              84.4074201055693,
              20.14257221436594
            ],
            [
              84.4074201055693,
              20.141364923000538
            ]
          ]
        ]
      },
      "properties": {
        "ulpin": "IN-21-4570-P203",
        "area_sqm": 8905,
        "ownership_status": "Private",
        "confidence_score": 86.2,
        "owner_name": "Vihaan Verma"
      }
    },
    {
      "type": "Feature",
      "geometry": {
        "type": "Polygon",
        "coordinates": [
          [
            [
              84.24658945401193,
              20.320801181916952
            ],
            [
              84.24720242211629,
              20.320801181916952
            ],
            [
              84.24720242211629,
              20.321276881961907
            ],
            [
              84.24658945401193,
              20.321276881961907
            ],
            [
              84.24658945401193,
              20.320801181916952
            ]
          ]
        ]
      },
      "properties": {
        "ulpin": "IN-21-1519-P387",
        "area_sqm": 3369,
        "ownership_status": "Private",
        "confidence_score": 91.3,
        "owner_name": "Ananya Reddy"
      }
    },
    {
      "type": "Feature",
      "geometry": {
        "type": "Polygon",
        "coordinates": [
          [
            [
              84.49566002835556,
              20.332722638589768
            ],
            [
              84.4966671866393,
              20.332722638589768
            ],
            [
              84.4966671866393,
              20.333343753428522
            ],
            [
              84.49566002835556,
              20.333343753428522
            ],
            [
              84.49566002835556,
              20.332722638589768
            ]
          ]
        ]
      },
      "properties": {
        "ulpin": "IN-21-6829-P739",
        "area_sqm": 7227,
        "ownership_status": "Private",
        "confidence_score": 93.7,
        "owner_name": "Sai Singh"
      }
    },
    {
      "type": "Feature",
      "geometry": {
        "type": "Polygon",
        "coordinates": [
          [
            [
              84.56925656738063,
              20.317250961375464
            ],
            [
              84.5698596209571,
              20.317250961375464
            ],
            [
              84.5698596209571,
              20.318649582122415
            ],
            [
              84.56925656738063,
              20.318649582122415
            ],
            [
              84.56925656738063,
              20.317250961375464
            ]
          ]
        ]
      },
      "properties": {
        "ulpin": "IN-21-1366-P267",
        "area_sqm": 9745,
        "ownership_status": "Government",
        "confidence_score": 97.6,
        "owner_name": "State Govt. / Municipal"
      }
    },
    {
      "type": "Feature",
      "geometry": {
        "type": "Polygon",
        "coordinates": [
          [
            [
              84.46489498608942,
              20.37436391256357
            ],
            [
              84.46551399797606,
              20.37436391256357
            ],
            [
              84.46551399797606,
              20.3748434073743
            ],
            [
              84.46489498608942,
              20.3748434073743
            ],
            [
              84.46489498608942,
              20.37436391256357
            ]
          ]
        ]
      },
      "properties": {
        "ulpin": "IN-21-9613-P904",
        "area_sqm": 3428,
        "ownership_status": "Private",
        "confidence_score": 89,
        "owner_name": "Vihaan Nair"
      }
    },
    {
      "type": "Feature",
      "geometry": {
        "type": "Polygon",
        "coordinates": [
          [
            [
              84.27987086604595,
              19.990869637302332
            ],
            [
              84.28035602318349,
              19.990869637302332
            ],
            [
              84.28035602318349,
              19.991911129805384
            ],
            [
              84.27987086604595,
              19.991911129805384
            ],
            [
              84.27987086604595,
              19.990869637302332
            ]
          ]
        ]
      },
      "properties": {
        "ulpin": "IN-21-9905-P156",
        "area_sqm": 5850,
        "ownership_status": "Private",
        "confidence_score": 97.2,
        "owner_name": "Kavya Gupta"
      }
    },
    {
      "type": "Feature",
      "geometry": {
        "type": "Polygon",
        "coordinates": [
          [
            [
              84.51401092924647,
              20.42219890021292
            ],
            [
              84.51502412225449,
              20.42219890021292
            ],
            [
              84.51502412225449,
              20.422652120067127
            ],
            [
              84.51401092924647,
              20.422652120067127
            ],
            [
              84.51401092924647,
              20.42219890021292
            ]
          ]
        ]
      },
      "properties": {
        "ulpin": "IN-21-6591-P841",
        "area_sqm": 5302,
        "ownership_status": "Private",
        "confidence_score": 87.5,
        "owner_name": "Diya Verma"
      }
    },
    {
      "type": "Feature",
      "geometry": {
        "type": "Polygon",
        "coordinates": [
          [
            [
              84.62438732216602,
              19.953251082980906
            ],
            [
              84.62480474464306,
              19.953251082980906
            ],
            [
              84.62480474464306,
              19.95440799544245
            ],
            [
              84.62438732216602,
              19.95440799544245
            ],
            [
              84.62438732216602,
              19.953251082980906
            ]
          ]
        ]
      },
      "properties": {
        "ulpin": "IN-21-6893-P698",
        "area_sqm": 5592,
        "ownership_status": "Private",
        "confidence_score": 98.5,
        "owner_name": "Arjun Rao"
      }
    },
    {
      "type": "Feature",
      "geometry": {
        "type": "Polygon",
        "coordinates": [
          [
            [
              84.73229144366526,
              20.025404447815525
            ],
            [
              84.7327330985047,
              20.025404447815525
            ],
            [
              84.7327330985047,
              20.025921884990705
            ],
            [
              84.73229144366526,
              20.025921884990705
            ],
            [
              84.73229144366526,
              20.025404447815525
            ]
          ]
        ]
      },
      "properties": {
        "ulpin": "IN-21-5476-P133",
        "area_sqm": 2645,
        "ownership_status": "Private",
        "confidence_score": 97.5,
        "owner_name": "Aditya Sharma"
      }
    },
    {
      "type": "Feature",
      "geometry": {
        "type": "Polygon",
        "coordinates": [
          [
            [
              84.43170699541245,
              20.076370664818075
            ],
            [
              84.43230565676419,
              20.076370664818075
            ],
            [
              84.43230565676419,
              20.076946639890345
            ],
            [
              84.43170699541245,
              20.076946639890345
            ],
            [
              84.43170699541245,
              20.076370664818075
            ]
          ]
        ]
      },
      "properties": {
        "ulpin": "IN-21-5362-P479",
        "area_sqm": 3990,
        "ownership_status": "Disputed",
        "confidence_score": 85.9,
        "owner_name": "Kavya Reddy"
      }
    },
    {
      "type": "Feature",
      "geometry": {
        "type": "Polygon",
        "coordinates": [
          [
            [
              84.51165932813377,
              19.988411881957813
            ],
            [
              84.5129890970834,
              19.988411881957813
            ],
            [
              84.5129890970834,
              19.989755395265814
            ],
            [
              84.51165932813377,
              19.989755395265814
            ],
            [
              84.51165932813377,
              19.988411881957813
            ]
          ]
        ]
      },
      "properties": {
        "ulpin": "IN-21-9983-P228",
        "area_sqm": 20686,
        "ownership_status": "Private",
        "confidence_score": 90.8,
        "owner_name": "Ananya Rao"
      }
    },
    {
      "type": "Feature",
      "geometry": {
        "type": "Polygon",
        "coordinates": [
          [
            [
              84.20405165689486,
              20.141259859309486
            ],
            [
              84.2055143577168,
              20.141259859309486
            ],
            [
              84.2055143577168,
              20.1425682604571
            ],
            [
              84.20405165689486,
              20.1425682604571
            ],
            [
              84.20405165689486,
              20.141259859309486
            ]
          ]
        ]
      },
      "properties": {
        "ulpin": "IN-21-2556-P275",
        "area_sqm": 22137,
        "ownership_status": "Disputed",
        "confidence_score": 99.5,
        "owner_name": "Ananya Das"
      }
    },
    {
      "type": "Feature",
      "geometry": {
        "type": "Polygon",
        "coordinates": [
          [
            [
              84.69617108516026,
              20.176305087601587
            ],
            [
              84.69706657135136,
              20.176305087601587
            ],
            [
              84.69706657135136,
              20.177840488555056
            ],
            [
              84.69617108516026,
              20.177840488555056
            ],
            [
              84.69617108516026,
              20.176305087601587
            ]
          ]
        ]
      },
      "properties": {
        "ulpin": "IN-21-1208-P115",
        "area_sqm": 15900,
        "ownership_status": "Private",
        "confidence_score": 97.6,
        "owner_name": "Diya Patel"
      }
    },
    {
      "type": "Feature",
      "geometry": {
        "type": "Polygon",
        "coordinates": [
          [
            [
              84.41673109450687,
              20.144903611375515
            ],
            [
              84.4172442090165,
              20.144903611375515
            ],
            [
              84.4172442090165,
              20.146352641099508
            ],
            [
              84.41673109450687,
              20.146352641099508
            ],
            [
              84.41673109450687,
              20.144903611375515
            ]
          ]
        ]
      },
      "properties": {
        "ulpin": "IN-21-5920-P369",
        "area_sqm": 8600,
        "ownership_status": "Government",
        "confidence_score": 92.9,
        "owner_name": "State Govt. / Municipal"
      }
    },
    {
      "type": "Feature",
      "geometry": {
        "type": "Polygon",
        "coordinates": [
          [
            [
              84.13573850631917,
              19.95873992803754
            ],
            [
              84.13631973897553,
              19.95873992803754
            ],
            [
              84.13631973897553,
              19.959524108232305
            ],
            [
              84.13573850631917,
              19.959524108232305
            ],
            [
              84.13573850631917,
              19.95873992803754
            ]
          ]
        ]
      },
      "properties": {
        "ulpin": "IN-21-1140-P562",
        "area_sqm": 5278,
        "ownership_status": "Private",
        "confidence_score": 90.5,
        "owner_name": "Aadhya Patel"
      }
    },
    {
      "type": "Feature",
      "geometry": {
        "type": "Polygon",
        "coordinates": [
          [
            [
              84.30648435339754,
              20.030649028726078
            ],
            [
              84.30768777533353,
              20.030649028726078
            ],
            [
              84.30768777533353,
              20.03175855289774
            ],
            [
              84.30648435339754,
              20.03175855289774
            ],
            [
              84.30648435339754,
              20.030649028726078
            ]
          ]
        ]
      },
      "properties": {
        "ulpin": "IN-21-4036-P211",
        "area_sqm": 15456,
        "ownership_status": "Disputed",
        "confidence_score": 86.6,
        "owner_name": "Aditya Singh"
      }
    },
    {
      "type": "Feature",
      "geometry": {
        "type": "Polygon",
        "coordinates": [
          [
            [
              84.41614769291694,
              20.40144451134203
            ],
            [
              84.41741800834751,
              20.40144451134203
            ],
            [
              84.41741800834751,
              20.40264628037717
            ],
            [
              84.41614769291694,
              20.40264628037717
            ],
            [
              84.41614769291694,
              20.40144451134203
            ]
          ]
        ]
      },
      "properties": {
        "ulpin": "IN-21-7879-P886",
        "area_sqm": 17629,
        "ownership_status": "Private",
        "confidence_score": 88.8,
        "owner_name": "Vihaan Nair"
      }
    },
    {
      "type": "Feature",
      "geometry": {
        "type": "Polygon",
        "coordinates": [
          [
            [
              84.20966444211058,
              20.07474996206601
            ],
            [
              84.21123526672065,
              20.07474996206601
            ],
            [
              84.21123526672065,
              20.075175877781767
            ],
            [
              84.20966444211058,
              20.075175877781767
            ],
            [
              84.20966444211058,
              20.07474996206601
            ]
          ]
        ]
      },
      "properties": {
        "ulpin": "IN-21-8092-P831",
        "area_sqm": 7742,
        "ownership_status": "Private",
        "confidence_score": 89.8,
        "owner_name": "Sai Kumar"
      }
    },
    {
      "type": "Feature",
      "geometry": {
        "type": "Polygon",
        "coordinates": [
          [
            [
              84.51688171876111,
              20.16113118978087
            ],
            [
              84.51782672234627,
              20.16113118978087
            ],
            [
              84.51782672234627,
              20.161711924526177
            ],
            [
              84.51688171876111,
              20.161711924526177
            ],
            [
              84.51688171876111,
              20.16113118978087
            ]
          ]
        ]
      },
      "properties": {
        "ulpin": "IN-21-1153-P511",
        "area_sqm": 6347,
        "ownership_status": "Private",
        "confidence_score": 95.9,
        "owner_name": "Kavya Nair"
      }
    },
    {
      "type": "Feature",
      "geometry": {
        "type": "Polygon",
        "coordinates": [
          [
            [
              84.41526508187418,
              20.35391376693782
            ],
            [
              84.4157291250576,
              20.35391376693782
            ],
            [
              84.4157291250576,
              20.355472395872685
            ],
            [
              84.41526508187418,
              20.355472395872685
            ],
            [
              84.41526508187418,
              20.35391376693782
            ]
          ]
        ]
      },
      "properties": {
        "ulpin": "IN-21-6573-P193",
        "area_sqm": 8355,
        "ownership_status": "Private",
        "confidence_score": 97.3,
        "owner_name": "Ananya Sharma"
      }
    },
    {
      "type": "Feature",
      "geometry": {
        "type": "Polygon",
        "coordinates": [
          [
            [
              84.4461672953212,
              20.325911382893825
            ],
            [
              84.44706263330914,
              20.325911382893825
            ],
            [
              84.44706263330914,
              20.32643041933325
            ],
            [
              84.4461672953212,
              20.32643041933325
            ],
            [
              84.4461672953212,
              20.325911382893825
            ]
          ]
        ]
      },
      "properties": {
        "ulpin": "IN-21-2792-P183",
        "area_sqm": 5369,
        "ownership_status": "Private",
        "confidence_score": 86.3,
        "owner_name": "Aarav Gupta"
      }
    },
    {
      "type": "Feature",
      "geometry": {
        "type": "Polygon",
        "coordinates": [
          [
            [
              84.67129006783817,
              20.23208975818605
            ],
            [
              84.6721810906272,
              20.23208975818605
            ],
            [
              84.6721810906272,
              20.23340575558589
            ],
            [
              84.67129006783817,
              20.23340575558589
            ],
            [
              84.67129006783817,
              20.23208975818605
            ]
          ]
        ]
      },
      "properties": {
        "ulpin": "IN-21-5119-P773",
        "area_sqm": 13555,
        "ownership_status": "Private",
        "confidence_score": 88,
        "owner_name": "Arjun Das"
      }
    },
    {
      "type": "Feature",
      "geometry": {
        "type": "Polygon",
        "coordinates": [
          [
            [
              84.53728297127154,
              20.042323212069878
            ],
            [
              84.53800247398019,
              20.042323212069878
            ],
            [
              84.53800247398019,
              20.042897273271297
            ],
            [
              84.53728297127154,
              20.042897273271297
            ],
            [
              84.53728297127154,
              20.042323212069878
            ]
          ]
        ]
      },
      "properties": {
        "ulpin": "IN-21-1795-P946",
        "area_sqm": 4780,
        "ownership_status": "Disputed",
        "confidence_score": 96.8,
        "owner_name": "Vihaan Sharma"
      }
    },
    {
      "type": "Feature",
      "geometry": {
        "type": "Polygon",
        "coordinates": [
          [
            [
              84.4914501462258,
              20.362542860459953
            ],
            [
              84.49201479857186,
              20.362542860459953
            ],
            [
              84.49201479857186,
              20.363360620058792
            ],
            [
              84.4914501462258,
              20.363360620058792
            ],
            [
              84.4914501462258,
              20.362542860459953
            ]
          ]
        ]
      },
      "properties": {
        "ulpin": "IN-21-6682-P563",
        "area_sqm": 5333,
        "ownership_status": "Private",
        "confidence_score": 98.2,
        "owner_name": "Diya Nair"
      }
    },
    {
      "type": "Feature",
      "geometry": {
        "type": "Polygon",
        "coordinates": [
          [
            [
              84.41803634692432,
              20.064110960971938
            ],
            [
              84.41887585312382,
              20.064110960971938
            ],
            [
              84.41887585312382,
              20.065567222750616
            ],
            [
              84.41803634692432,
              20.065567222750616
            ],
            [
              84.41803634692432,
              20.064110960971938
            ]
          ]
        ]
      },
      "properties": {
        "ulpin": "IN-21-5538-P671",
        "area_sqm": 14148,
        "ownership_status": "Government",
        "confidence_score": 90.8,
        "owner_name": "State Govt. / Municipal"
      }
    },
    {
      "type": "Feature",
      "geometry": {
        "type": "Polygon",
        "coordinates": [
          [
            [
              84.38067645464105,
              20.17585786130461
            ],
            [
              84.381322778817,
              20.17585786130461
            ],
            [
              84.381322778817,
              20.17652668358604
            ],
            [
              84.38067645464105,
              20.17652668358604
            ],
            [
              84.38067645464105,
              20.17585786130461
            ]
          ]
        ]
      },
      "properties": {
        "ulpin": "IN-21-7752-P613",
        "area_sqm": 4999,
        "ownership_status": "Private",
        "confidence_score": 95.5,
        "owner_name": "Aadhya Reddy"
      }
    },
    {
      "type": "Feature",
      "geometry": {
        "type": "Polygon",
        "coordinates": [
          [
            [
              84.3219983231186,
              20.381277151883058
            ],
            [
              84.32298816046773,
              20.381277151883058
            ],
            [
              84.32298816046773,
              20.382654463038655
            ],
            [
              84.3219983231186,
              20.382654463038655
            ],
            [
              84.3219983231186,
              20.381277151883058
            ]
          ]
        ]
      },
      "properties": {
        "ulpin": "IN-21-3488-P762",
        "area_sqm": 15745,
        "ownership_status": "Disputed",
        "confidence_score": 94.3,
        "owner_name": "Diya Kumar"
      }
    },
    {
      "type": "Feature",
      "geometry": {
        "type": "Polygon",
        "coordinates": [
          [
            [
              84.19411143382416,
              20.254232170801167
            ],
            [
              84.19567624367038,
              20.254232170801167
            ],
            [
              84.19567624367038,
              20.255314218455318
            ],
            [
              84.19411143382416,
              20.255314218455318
            ],
            [
              84.19411143382416,
              20.254232170801167
            ]
          ]
        ]
      },
      "properties": {
        "ulpin": "IN-21-6526-P858",
        "area_sqm": 19571,
        "ownership_status": "Government",
        "confidence_score": 92.4,
        "owner_name": "State Govt. / Municipal"
      }
    },
    {
      "type": "Feature",
      "geometry": {
        "type": "Polygon",
        "coordinates": [
          [
            [
              84.6839094974179,
              20.03272971220382
            ],
            [
              84.68550455600547,
              20.03272971220382
            ],
            [
              84.68550455600547,
              20.033265578290283
            ],
            [
              84.6839094974179,
              20.033265578290283
            ],
            [
              84.6839094974179,
              20.03272971220382
            ]
          ]
        ]
      },
      "properties": {
        "ulpin": "IN-21-1704-P769",
        "area_sqm": 9894,
        "ownership_status": "Government",
        "confidence_score": 86.5,
        "owner_name": "State Govt. / Municipal"
      }
    },
    {
      "type": "Feature",
      "geometry": {
        "type": "Polygon",
        "coordinates": [
          [
            [
              84.64728731402609,
              20.01849588761734
            ],
            [
              84.6478139950494,
              20.01849588761734
            ],
            [
              84.6478139950494,
              20.019193964273526
            ],
            [
              84.64728731402609,
              20.019193964273526
            ],
            [
              84.64728731402609,
              20.01849588761734
            ]
          ]
        ]
      },
      "properties": {
        "ulpin": "IN-21-6439-P344",
        "area_sqm": 4256,
        "ownership_status": "Private",
        "confidence_score": 94.2,
        "owner_name": "Vihaan Reddy"
      }
    },
    {
      "type": "Feature",
      "geometry": {
        "type": "Polygon",
        "coordinates": [
          [
            [
              84.31973272726782,
              20.206002633198725
            ],
            [
              84.32092198499197,
              20.206002633198725
            ],
            [
              84.32092198499197,
              20.206939598500384
            ],
            [
              84.31973272726782,
              20.206939598500384
            ],
            [
              84.31973272726782,
              20.206002633198725
            ]
          ]
        ]
      },
      "properties": {
        "ulpin": "IN-21-4517-P423",
        "area_sqm": 12884,
        "ownership_status": "Private",
        "confidence_score": 88.8,
        "owner_name": "Aarav Singh"
      }
    },
    {
      "type": "Feature",
      "geometry": {
        "type": "Polygon",
        "coordinates": [
          [
            [
              84.27061061543247,
              20.018020734831794
            ],
            [
              84.27178428892962,
              20.018020734831794
            ],
            [
              84.27178428892962,
              20.01913779969008
            ],
            [
              84.27061061543247,
              20.01913779969008
            ],
            [
              84.27061061543247,
              20.018020734831794
            ]
          ]
        ]
      },
      "properties": {
        "ulpin": "IN-21-2309-P721",
        "area_sqm": 15177,
        "ownership_status": "Government",
        "confidence_score": 88,
        "owner_name": "State Govt. / Municipal"
      }
    },
    {
      "type": "Feature",
      "geometry": {
        "type": "Polygon",
        "coordinates": [
          [
            [
              84.43223039250627,
              20.28753839586892
            ],
            [
              84.43371940437112,
              20.28753839586892
            ],
            [
              84.43371940437112,
              20.288014622125296
            ],
            [
              84.43223039250627,
              20.288014622125296
            ],
            [
              84.43223039250627,
              20.28753839586892
            ]
          ]
        ]
      },
      "properties": {
        "ulpin": "IN-21-6218-P479",
        "area_sqm": 8194,
        "ownership_status": "Private",
        "confidence_score": 96.5,
        "owner_name": "Sai Gupta"
      }
    },
    {
      "type": "Feature",
      "geometry": {
        "type": "Polygon",
        "coordinates": [
          [
            [
              84.25365423838429,
              20.07683001484273
            ],
            [
              84.25411749285142,
              20.07683001484273
            ],
            [
              84.25411749285142,
              20.077305232826753
            ],
            [
              84.25365423838429,
              20.077305232826753
            ],
            [
              84.25365423838429,
              20.07683001484273
            ]
          ]
        ]
      },
      "properties": {
        "ulpin": "IN-21-3116-P416",
        "area_sqm": 2547,
        "ownership_status": "Private",
        "confidence_score": 88,
        "owner_name": "Priya Rao"
      }
    },
    {
      "type": "Feature",
      "geometry": {
        "type": "Polygon",
        "coordinates": [
          [
            [
              84.68037297208885,
              19.983776842488194
            ],
            [
              84.68102858041,
              19.983776842488194
            ],
            [
              84.68102858041,
              19.98424403011701
            ],
            [
              84.68037297208885,
              19.98424403011701
            ],
            [
              84.68037297208885,
              19.983776842488194
            ]
          ]
        ]
      },
      "properties": {
        "ulpin": "IN-21-3538-P786",
        "area_sqm": 3546,
        "ownership_status": "Disputed",
        "confidence_score": 89.2,
        "owner_name": "Ananya Das"
      }
    },
    {
      "type": "Feature",
      "geometry": {
        "type": "Polygon",
        "coordinates": [
          [
            [
              84.59934118598757,
              20.106509400197755
            ],
            [
              84.60069617228272,
              20.106509400197755
            ],
            [
              84.60069617228272,
              20.107074100315554
            ],
            [
              84.59934118598757,
              20.107074100315554
            ],
            [
              84.59934118598757,
              20.106509400197755
            ]
          ]
        ]
      },
      "properties": {
        "ulpin": "IN-21-3566-P945",
        "area_sqm": 8852,
        "ownership_status": "Private",
        "confidence_score": 87.2,
        "owner_name": "Priya Rao"
      }
    },
    {
      "type": "Feature",
      "geometry": {
        "type": "Polygon",
        "coordinates": [
          [
            [
              84.68121104673425,
              20.106825364872574
            ],
            [
              84.68172832415753,
              20.106825364872574
            ],
            [
              84.68172832415753,
              20.10737812895418
            ],
            [
              84.68121104673425,
              20.10737812895418
            ],
            [
              84.68121104673425,
              20.106825364872574
            ]
          ]
        ]
      },
      "properties": {
        "ulpin": "IN-21-7030-P438",
        "area_sqm": 3308,
        "ownership_status": "Private",
        "confidence_score": 89.5,
        "owner_name": "Diya Kumar"
      }
    },
    {
      "type": "Feature",
      "geometry": {
        "type": "Polygon",
        "coordinates": [
          [
            [
              84.54085497516465,
              20.24485451146634
            ],
            [
              84.54208524646629,
              20.24485451146634
            ],
            [
              84.54208524646629,
              20.24564736789243
            ],
            [
              84.54085497516465,
              20.24564736789243
            ],
            [
              84.54085497516465,
              20.24485451146634
            ]
          ]
        ]
      },
      "properties": {
        "ulpin": "IN-21-7498-P872",
        "area_sqm": 11275,
        "ownership_status": "Private",
        "confidence_score": 91.8,
        "owner_name": "Diya Verma"
      }
    },
    {
      "type": "Feature",
      "geometry": {
        "type": "Polygon",
        "coordinates": [
          [
            [
              84.37454872869777,
              20.11881972366648
            ],
            [
              84.37542981233882,
              20.11881972366648
            ],
            [
              84.37542981233882,
              20.119797873384265
            ],
            [
              84.37454872869777,
              20.119797873384265
            ],
            [
              84.37454872869777,
              20.11881972366648
            ]
          ]
        ]
      },
      "properties": {
        "ulpin": "IN-21-7436-P805",
        "area_sqm": 9970,
        "ownership_status": "Private",
        "confidence_score": 89,
        "owner_name": "Aditya Nair"
      }
    },
    {
      "type": "Feature",
      "geometry": {
        "type": "Polygon",
        "coordinates": [
          [
            [
              84.30180683871812,
              20.02681959678217
            ],
            [
              84.30255187596246,
              20.02681959678217
            ],
            [
              84.30255187596246,
              20.02728677607281
            ],
            [
              84.30180683871812,
              20.02728677607281
            ],
            [
              84.30180683871812,
              20.02681959678217
            ]
          ]
        ]
      },
      "properties": {
        "ulpin": "IN-21-5399-P238",
        "area_sqm": 4029,
        "ownership_status": "Private",
        "confidence_score": 93.4,
        "owner_name": "Diya Sharma"
      }
    },
    {
      "type": "Feature",
      "geometry": {
        "type": "Polygon",
        "coordinates": [
          [
            [
              84.5276660086977,
              20.165656019771358
            ],
            [
              84.5287118538568,
              20.165656019771358
            ],
            [
              84.5287118538568,
              20.16701308050234
            ],
            [
              84.5276660086977,
              20.16701308050234
            ],
            [
              84.5276660086977,
              20.165656019771358
            ]
          ]
        ]
      },
      "properties": {
        "ulpin": "IN-21-9097-P151",
        "area_sqm": 16414,
        "ownership_status": "Government",
        "confidence_score": 96.8,
        "owner_name": "State Govt. / Municipal"
      }
    },
    {
      "type": "Feature",
      "geometry": {
        "type": "Polygon",
        "coordinates": [
          [
            [
              84.27742563144182,
              20.418793950248407
            ],
            [
              84.27847439880193,
              20.418793950248407
            ],
            [
              84.27847439880193,
              20.419581134495463
            ],
            [
              84.27742563144182,
              20.419581134495463
            ],
            [
              84.27742563144182,
              20.418793950248407
            ]
          ]
        ]
      },
      "properties": {
        "ulpin": "IN-21-2083-P990",
        "area_sqm": 9532,
        "ownership_status": "Disputed",
        "confidence_score": 87.4,
        "owner_name": "Ananya Reddy"
      }
    },
    {
      "type": "Feature",
      "geometry": {
        "type": "Polygon",
        "coordinates": [
          [
            [
              84.46393510447444,
              20.234298097639886
            ],
            [
              84.46446056092154,
              20.234298097639886
            ],
            [
              84.46446056092154,
              20.235698937158222
            ],
            [
              84.46393510447444,
              20.235698937158222
            ],
            [
              84.46393510447444,
              20.234298097639886
            ]
          ]
        ]
      },
      "properties": {
        "ulpin": "IN-21-8752-P306",
        "area_sqm": 8509,
        "ownership_status": "Private",
        "confidence_score": 90.9,
        "owner_name": "Aditya Rao"
      }
    },
    {
      "type": "Feature",
      "geometry": {
        "type": "Polygon",
        "coordinates": [
          [
            [
              84.73883049920639,
              20.10111281970789
            ],
            [
              84.73973303705112,
              20.10111281970789
            ],
            [
              84.73973303705112,
              20.101568460887595
            ],
            [
              84.73883049920639,
              20.101568460887595
            ],
            [
              84.73883049920639,
              20.10111281970789
            ]
          ]
        ]
      },
      "properties": {
        "ulpin": "IN-21-5817-P562",
        "area_sqm": 4758,
        "ownership_status": "Disputed",
        "confidence_score": 88.4,
        "owner_name": "Arjun Patel"
      }
    },
    {
      "type": "Feature",
      "geometry": {
        "type": "Polygon",
        "coordinates": [
          [
            [
              84.30015899741896,
              19.973372337418414
            ],
            [
              84.30159144373528,
              19.973372337418414
            ],
            [
              84.30159144373528,
              19.97466574403463
            ],
            [
              84.30015899741896,
              19.97466574403463
            ],
            [
              84.30015899741896,
              19.973372337418414
            ]
          ]
        ]
      },
      "properties": {
        "ulpin": "IN-21-9920-P471",
        "area_sqm": 21454,
        "ownership_status": "Disputed",
        "confidence_score": 89.7,
        "owner_name": "Diya Reddy"
      }
    },
    {
      "type": "Feature",
      "geometry": {
        "type": "Polygon",
        "coordinates": [
          [
            [
              84.156200800045,
              20.09901613278416
            ],
            [
              84.15695355626522,
              20.09901613278416
            ],
            [
              84.15695355626522,
              20.09965143825196
            ],
            [
              84.156200800045,
              20.09965143825196
            ],
            [
              84.156200800045,
              20.09901613278416
            ]
          ]
        ]
      },
      "properties": {
        "ulpin": "IN-21-6501-P758",
        "area_sqm": 5533,
        "ownership_status": "Disputed",
        "confidence_score": 91.1,
        "owner_name": "Arjun Singh"
      }
    },
    {
      "type": "Feature",
      "geometry": {
        "type": "Polygon",
        "coordinates": [
          [
            [
              84.66452144448186,
              20.41372371710728
            ],
            [
              84.66522288446286,
              20.41372371710728
            ],
            [
              84.66522288446286,
              20.41446421810947
            ],
            [
              84.66452144448186,
              20.41446421810947
            ],
            [
              84.66452144448186,
              20.41372371710728
            ]
          ]
        ]
      },
      "properties": {
        "ulpin": "IN-21-2904-P842",
        "area_sqm": 5997,
        "ownership_status": "Government",
        "confidence_score": 91.1,
        "owner_name": "State Govt. / Municipal"
      }
    },
    {
      "type": "Feature",
      "geometry": {
        "type": "Polygon",
        "coordinates": [
          [
            [
              84.3687709672714,
              20.033810727081715
            ],
            [
              84.36994412261902,
              20.033810727081715
            ],
            [
              84.36994412261902,
              20.035372982985457
            ],
            [
              84.3687709672714,
              20.035372982985457
            ],
            [
              84.3687709672714,
              20.033810727081715
            ]
          ]
        ]
      },
      "properties": {
        "ulpin": "IN-21-7401-P511",
        "area_sqm": 21215,
        "ownership_status": "Private",
        "confidence_score": 96.5,
        "owner_name": "Kavya Kumar"
      }
    },
    {
      "type": "Feature",
      "geometry": {
        "type": "Polygon",
        "coordinates": [
          [
            [
              84.29171708507658,
              20.179495693180513
            ],
            [
              84.29303509561763,
              20.179495693180513
            ],
            [
              84.29303509561763,
              20.180349056136915
            ],
            [
              84.29171708507658,
              20.180349056136915
            ],
            [
              84.29171708507658,
              20.179495693180513
            ]
          ]
        ]
      },
      "properties": {
        "ulpin": "IN-21-3715-P726",
        "area_sqm": 13007,
        "ownership_status": "Disputed",
        "confidence_score": 85.5,
        "owner_name": "Arjun Rao"
      }
    },
    {
      "type": "Feature",
      "geometry": {
        "type": "Polygon",
        "coordinates": [
          [
            [
              84.24492709469311,
              20.248642498858846
            ],
            [
              84.24599297354688,
              20.248642498858846
            ],
            [
              84.24599297354688,
              20.250187340748177
            ],
            [
              84.24492709469311,
              20.250187340748177
            ],
            [
              84.24492709469311,
              20.248642498858846
            ]
          ]
        ]
      },
      "properties": {
        "ulpin": "IN-21-9547-P813",
        "area_sqm": 19034,
        "ownership_status": "Private",
        "confidence_score": 86,
        "owner_name": "Priya Rao"
      }
    },
    {
      "type": "Feature",
      "geometry": {
        "type": "Polygon",
        "coordinates": [
          [
            [
              84.28461199025239,
              20.043372014465287
            ],
            [
              84.28559491872362,
              20.043372014465287
            ],
            [
              84.28559491872362,
              20.044325294123663
            ],
            [
              84.28461199025239,
              20.044325294123663
            ],
            [
              84.28461199025239,
              20.043372014465287
            ]
          ]
        ]
      },
      "properties": {
        "ulpin": "IN-21-4391-P347",
        "area_sqm": 10845,
        "ownership_status": "Private",
        "confidence_score": 90.3,
        "owner_name": "Aarav Patel"
      }
    },
    {
      "type": "Feature",
      "geometry": {
        "type": "Polygon",
        "coordinates": [
          [
            [
              84.20052903299747,
              20.10476600915483
            ],
            [
              84.20165902624709,
              20.10476600915483
            ],
            [
              84.20165902624709,
              20.105536259706906
            ],
            [
              84.20052903299747,
              20.105536259706906
            ],
            [
              84.20052903299747,
              20.10476600915483
            ]
          ]
        ]
      },
      "properties": {
        "ulpin": "IN-21-4575-P923",
        "area_sqm": 10070,
        "ownership_status": "Private",
        "confidence_score": 87.6,
        "owner_name": "Sai Rao"
      }
    },
    {
      "type": "Feature",
      "geometry": {
        "type": "Polygon",
        "coordinates": [
          [
            [
              84.2435725934944,
              20.40920643400983
            ],
            [
              84.24428884813327,
              20.40920643400983
            ],
            [
              84.24428884813327,
              20.410091859536735
            ],
            [
              84.2435725934944,
              20.410091859536735
            ],
            [
              84.2435725934944,
              20.40920643400983
            ]
          ]
        ]
      },
      "properties": {
        "ulpin": "IN-21-3018-P535",
        "area_sqm": 7323,
        "ownership_status": "Private",
        "confidence_score": 89.8,
        "owner_name": "Aditya Singh"
      }
    },
    {
      "type": "Feature",
      "geometry": {
        "type": "Polygon",
        "coordinates": [
          [
            [
              84.21146511700849,
              20.281263930404393
            ],
            [
              84.21246392109535,
              20.281263930404393
            ],
            [
              84.21246392109535,
              20.282766863685342
            ],
            [
              84.21146511700849,
              20.282766863685342
            ],
            [
              84.21146511700849,
              20.281263930404393
            ]
          ]
        ]
      },
      "properties": {
        "ulpin": "IN-21-4581-P148",
        "area_sqm": 17348,
        "ownership_status": "Government",
        "confidence_score": 94.2,
        "owner_name": "State Govt. / Municipal"
      }
    },
    {
      "type": "Feature",
      "geometry": {
        "type": "Polygon",
        "coordinates": [
          [
            [
              84.22240187763867,
              20.344252882834475
            ],
            [
              84.22346868949607,
              20.344252882834475
            ],
            [
              84.22346868949607,
              20.345459964554415
            ],
            [
              84.22240187763867,
              20.345459964554415
            ],
            [
              84.22240187763867,
              20.344252882834475
            ]
          ]
        ]
      },
      "properties": {
        "ulpin": "IN-21-4165-P848",
        "area_sqm": 14876,
        "ownership_status": "Private",
        "confidence_score": 95.1,
        "owner_name": "Arjun Patel"
      }
    },
    {
      "type": "Feature",
      "geometry": {
        "type": "Polygon",
        "coordinates": [
          [
            [
              84.6166296868681,
              20.177503411764217
            ],
            [
              84.61806062206378,
              20.177503411764217
            ],
            [
              84.61806062206378,
              20.17838439874604
            ],
            [
              84.6166296868681,
              20.17838439874604
            ],
            [
              84.6166296868681,
              20.177503411764217
            ]
          ]
        ]
      },
      "properties": {
        "ulpin": "IN-21-2343-P508",
        "area_sqm": 14579,
        "ownership_status": "Private",
        "confidence_score": 88.7,
        "owner_name": "Kavya Verma"
      }
    },
    {
      "type": "Feature",
      "geometry": {
        "type": "Polygon",
        "coordinates": [
          [
            [
              84.31985613456699,
              20.223751740163028
            ],
            [
              84.32116740205672,
              20.223751740163028
            ],
            [
              84.32116740205672,
              20.224633676043926
            ],
            [
              84.31985613456699,
              20.224633676043926
            ],
            [
              84.31985613456699,
              20.223751740163028
            ]
          ]
        ]
      },
      "properties": {
        "ulpin": "IN-21-1936-P728",
        "area_sqm": 13370,
        "ownership_status": "Private",
        "confidence_score": 96.8,
        "owner_name": "Arjun Singh"
      }
    },
    {
      "type": "Feature",
      "geometry": {
        "type": "Polygon",
        "coordinates": [
          [
            [
              84.44272206430341,
              20.011954684337784
            ],
            [
              84.44411667111935,
              20.011954684337784
            ],
            [
              84.44411667111935,
              20.012649225105022
            ],
            [
              84.44272206430341,
              20.012649225105022
            ],
            [
              84.44272206430341,
              20.011954684337784
            ]
          ]
        ]
      },
      "properties": {
        "ulpin": "IN-21-8252-P778",
        "area_sqm": 11213,
        "ownership_status": "Government",
        "confidence_score": 87.7,
        "owner_name": "State Govt. / Municipal"
      }
    },
    {
      "type": "Feature",
      "geometry": {
        "type": "Polygon",
        "coordinates": [
          [
            [
              84.3308334056562,
              20.1680200872757
            ],
            [
              84.33140382492167,
              20.1680200872757
            ],
            [
              84.33140382492167,
              20.168696896390692
            ],
            [
              84.3308334056562,
              20.168696896390692
            ],
            [
              84.3308334056562,
              20.1680200872757
            ]
          ]
        ]
      },
      "properties": {
        "ulpin": "IN-21-1900-P848",
        "area_sqm": 4465,
        "ownership_status": "Government",
        "confidence_score": 87.2,
        "owner_name": "State Govt. / Municipal"
      }
    },
    {
      "type": "Feature",
      "geometry": {
        "type": "Polygon",
        "coordinates": [
          [
            [
              84.44544442647567,
              20.07603343308617
            ],
            [
              84.44685892944295,
              20.07603343308617
            ],
            [
              84.44685892944295,
              20.077307042030494
            ],
            [
              84.44544442647567,
              20.077307042030494
            ],
            [
              84.44544442647567,
              20.07603343308617
            ]
          ]
        ]
      },
      "properties": {
        "ulpin": "IN-21-6471-P307",
        "area_sqm": 20847,
        "ownership_status": "Private",
        "confidence_score": 87.4,
        "owner_name": "Diya Nair"
      }
    },
    {
      "type": "Feature",
      "geometry": {
        "type": "Polygon",
        "coordinates": [
          [
            [
              84.58594891962836,
              20.240548632756198
            ],
            [
              84.587217877343,
              20.240548632756198
            ],
            [
              84.587217877343,
              20.241622322701907
            ],
            [
              84.58594891962836,
              20.241622322701907
            ],
            [
              84.58594891962836,
              20.240548632756198
            ]
          ]
        ]
      },
      "properties": {
        "ulpin": "IN-21-1085-P441",
        "area_sqm": 15750,
        "ownership_status": "Private",
        "confidence_score": 98.1,
        "owner_name": "Aditya Sharma"
      }
    },
    {
      "type": "Feature",
      "geometry": {
        "type": "Polygon",
        "coordinates": [
          [
            [
              84.34602475589764,
              20.102273199289332
            ],
            [
              84.34741626371338,
              20.102273199289332
            ],
            [
              84.34741626371338,
              20.103116529249988
            ],
            [
              84.34602475589764,
              20.103116529249988
            ],
            [
              84.34602475589764,
              20.102273199289332
            ]
          ]
        ]
      },
      "properties": {
        "ulpin": "IN-21-5852-P183",
        "area_sqm": 13577,
        "ownership_status": "Private",
        "confidence_score": 92.8,
        "owner_name": "Sai Patel"
      }
    },
    {
      "type": "Feature",
      "geometry": {
        "type": "Polygon",
        "coordinates": [
          [
            [
              84.57208828376467,
              20.41488779392924
            ],
            [
              84.57316235074384,
              20.41488779392924
            ],
            [
              84.57316235074384,
              20.415556030373942
            ],
            [
              84.57208828376467,
              20.415556030373942
            ],
            [
              84.57208828376467,
              20.41488779392924
            ]
          ]
        ]
      },
      "properties": {
        "ulpin": "IN-21-9977-P211",
        "area_sqm": 8287,
        "ownership_status": "Private",
        "confidence_score": 96,
        "owner_name": "Aarav Reddy"
      }
    },
    {
      "type": "Feature",
      "geometry": {
        "type": "Polygon",
        "coordinates": [
          [
            [
              84.5229586955619,
              20.265870163901962
            ],
            [
              84.52395259979544,
              20.265870163901962
            ],
            [
              84.52395259979544,
              20.267020132991284
            ],
            [
              84.5229586955619,
              20.267020132991284
            ],
            [
              84.5229586955619,
              20.265870163901962
            ]
          ]
        ]
      },
      "properties": {
        "ulpin": "IN-21-6634-P843",
        "area_sqm": 13210,
        "ownership_status": "Private",
        "confidence_score": 87.3,
        "owner_name": "Priya Rao"
      }
    },
    {
      "type": "Feature",
      "geometry": {
        "type": "Polygon",
        "coordinates": [
          [
            [
              84.71880994587978,
              20.16147019042329
            ],
            [
              84.71956483696356,
              20.16147019042329
            ],
            [
              84.71956483696356,
              20.163037056815533
            ],
            [
              84.71880994587978,
              20.163037056815533
            ],
            [
              84.71880994587978,
              20.16147019042329
            ]
          ]
        ]
      },
      "properties": {
        "ulpin": "IN-21-3193-P529",
        "area_sqm": 13680,
        "ownership_status": "Disputed",
        "confidence_score": 97.3,
        "owner_name": "Diya Gupta"
      }
    },
    {
      "type": "Feature",
      "geometry": {
        "type": "Polygon",
        "coordinates": [
          [
            [
              84.71485541513547,
              20.349545323927742
            ],
            [
              84.71543238804654,
              20.349545323927742
            ],
            [
              84.71543238804654,
              20.35077545170825
            ],
            [
              84.71485541513547,
              20.35077545170825
            ],
            [
              84.71485541513547,
              20.349545323927742
            ]
          ]
        ]
      },
      "properties": {
        "ulpin": "IN-21-4185-P502",
        "area_sqm": 8199,
        "ownership_status": "Government",
        "confidence_score": 91.2,
        "owner_name": "State Govt. / Municipal"
      }
    },
    {
      "type": "Feature",
      "geometry": {
        "type": "Polygon",
        "coordinates": [
          [
            [
              84.56601911863855,
              20.067404229328044
            ],
            [
              84.56734164928014,
              20.067404229328044
            ],
            [
              84.56734164928014,
              20.067809466636596
            ],
            [
              84.56601911863855,
              20.067809466636596
            ],
            [
              84.56601911863855,
              20.067404229328044
            ]
          ]
        ]
      },
      "properties": {
        "ulpin": "IN-21-6234-P144",
        "area_sqm": 6202,
        "ownership_status": "Private",
        "confidence_score": 91.2,
        "owner_name": "Aadhya Das"
      }
    },
    {
      "type": "Feature",
      "geometry": {
        "type": "Polygon",
        "coordinates": [
          [
            [
              84.54570717796975,
              20.274353654169726
            ],
            [
              84.54698144249747,
              20.274353654169726
            ],
            [
              84.54698144249747,
              20.27487457433832
            ],
            [
              84.54570717796975,
              20.27487457433832
            ],
            [
              84.54570717796975,
              20.274353654169726
            ]
          ]
        ]
      },
      "properties": {
        "ulpin": "IN-21-3979-P978",
        "area_sqm": 7671,
        "ownership_status": "Private",
        "confidence_score": 89.9,
        "owner_name": "Arjun Sharma"
      }
    },
    {
      "type": "Feature",
      "geometry": {
        "type": "Polygon",
        "coordinates": [
          [
            [
              84.60247409073017,
              20.427158464114353
            ],
            [
              84.60353035574076,
              20.427158464114353
            ],
            [
              84.60353035574076,
              20.428664849732197
            ],
            [
              84.60247409073017,
              20.428664849732197
            ],
            [
              84.60247409073017,
              20.427158464114353
            ]
          ]
        ]
      },
      "properties": {
        "ulpin": "IN-21-3866-P419",
        "area_sqm": 18371,
        "ownership_status": "Disputed",
        "confidence_score": 95.9,
        "owner_name": "Aditya Verma"
      }
    },
    {
      "type": "Feature",
      "geometry": {
        "type": "Polygon",
        "coordinates": [
          [
            [
              84.63545127605312,
              20.1017408863297
            ],
            [
              84.6359615840938,
              20.1017408863297
            ],
            [
              84.6359615840938,
              20.103214078561944
            ],
            [
              84.63545127605312,
              20.103214078561944
            ],
            [
              84.63545127605312,
              20.1017408863297
            ]
          ]
        ]
      },
      "properties": {
        "ulpin": "IN-21-6815-P285",
        "area_sqm": 8698,
        "ownership_status": "Private",
        "confidence_score": 89.9,
        "owner_name": "Aarav Gupta"
      }
    },
    {
      "type": "Feature",
      "geometry": {
        "type": "Polygon",
        "coordinates": [
          [
            [
              84.52414506364693,
              20.35068819031117
            ],
            [
              84.52533689269909,
              20.35068819031117
            ],
            [
              84.52533689269909,
              20.351998034549293
            ],
            [
              84.52414506364693,
              20.351998034549293
            ],
            [
              84.52414506364693,
              20.35068819031117
            ]
          ]
        ]
      },
      "properties": {
        "ulpin": "IN-21-3971-P873",
        "area_sqm": 18033,
        "ownership_status": "Private",
        "confidence_score": 97.3,
        "owner_name": "Diya Gupta"
      }
    },
    {
      "type": "Feature",
      "geometry": {
        "type": "Polygon",
        "coordinates": [
          [
            [
              84.51521349778228,
              20.31347390877181
            ],
            [
              84.51655185645869,
              20.31347390877181
            ],
            [
              84.51655185645869,
              20.314371269847225
            ],
            [
              84.51521349778228,
              20.314371269847225
            ],
            [
              84.51521349778228,
              20.31347390877181
            ]
          ]
        ]
      },
      "properties": {
        "ulpin": "IN-21-2868-P932",
        "area_sqm": 13877,
        "ownership_status": "Government",
        "confidence_score": 89.4,
        "owner_name": "State Govt. / Municipal"
      }
    },
    {
      "type": "Feature",
      "geometry": {
        "type": "Polygon",
        "coordinates": [
          [
            [
              84.24808191057956,
              20.27575010611387
            ],
            [
              84.24854735529547,
              20.27575010611387
            ],
            [
              84.24854735529547,
              20.277006915348075
            ],
            [
              84.24808191057956,
              20.277006915348075
            ],
            [
              84.24808191057956,
              20.27575010611387
            ]
          ]
        ]
      },
      "properties": {
        "ulpin": "IN-21-4437-P116",
        "area_sqm": 6760,
        "ownership_status": "Government",
        "confidence_score": 87.4,
        "owner_name": "State Govt. / Municipal"
      }
    },
    {
      "type": "Feature",
      "geometry": {
        "type": "Polygon",
        "coordinates": [
          [
            [
              84.29217929544754,
              19.990882425916965
            ],
            [
              84.2931794774759,
              19.990882425916965
            ],
            [
              84.2931794774759,
              19.99145182737493
            ],
            [
              84.29217929544754,
              19.99145182737493
            ],
            [
              84.29217929544754,
              19.990882425916965
            ]
          ]
        ]
      },
      "properties": {
        "ulpin": "IN-21-2542-P138",
        "area_sqm": 6594,
        "ownership_status": "Private",
        "confidence_score": 85.7,
        "owner_name": "Vihaan Verma"
      }
    },
    {
      "type": "Feature",
      "geometry": {
        "type": "Polygon",
        "coordinates": [
          [
            [
              84.59231420851994,
              20.236629872044457
            ],
            [
              84.59307529408747,
              20.236629872044457
            ],
            [
              84.59307529408747,
              20.237158657104924
            ],
            [
              84.59231420851994,
              20.237158657104924
            ],
            [
              84.59231420851994,
              20.236629872044457
            ]
          ]
        ]
      },
      "properties": {
        "ulpin": "IN-21-7770-P389",
        "area_sqm": 4652,
        "ownership_status": "Government",
        "confidence_score": 95.3,
        "owner_name": "State Govt. / Municipal"
      }
    },
    {
      "type": "Feature",
      "geometry": {
        "type": "Polygon",
        "coordinates": [
          [
            [
              84.37334806151512,
              20.28224327978175
            ],
            [
              84.37451173760965,
              20.28224327978175
            ],
            [
              84.37451173760965,
              20.282760791342742
            ],
            [
              84.37334806151512,
              20.282760791342742
            ],
            [
              84.37334806151512,
              20.28224327978175
            ]
          ]
        ]
      },
      "properties": {
        "ulpin": "IN-21-9495-P220",
        "area_sqm": 6959,
        "ownership_status": "Private",
        "confidence_score": 88.5,
        "owner_name": "Arjun Nair"
      }
    },
    {
      "type": "Feature",
      "geometry": {
        "type": "Polygon",
        "coordinates": [
          [
            [
              84.57371138758191,
              20.246447383903533
            ],
            [
              84.57522263045355,
              20.246447383903533
            ],
            [
              84.57522263045355,
              20.247945590647653
            ],
            [
              84.57371138758191,
              20.247945590647653
            ],
            [
              84.57371138758191,
              20.246447383903533
            ]
          ]
        ]
      },
      "properties": {
        "ulpin": "IN-21-6110-P304",
        "area_sqm": 26172,
        "ownership_status": "Disputed",
        "confidence_score": 92.7,
        "owner_name": "Kavya Nair"
      }
    },
    {
      "type": "Feature",
      "geometry": {
        "type": "Polygon",
        "coordinates": [
          [
            [
              84.44904462620653,
              20.337134230872827
            ],
            [
              84.45047175431138,
              20.337134230872827
            ],
            [
              84.45047175431138,
              20.33840579395176
            ],
            [
              84.44904462620653,
              20.33840579395176
            ],
            [
              84.44904462620653,
              20.337134230872827
            ]
          ]
        ]
      },
      "properties": {
        "ulpin": "IN-21-9772-P778",
        "area_sqm": 20964,
        "ownership_status": "Private",
        "confidence_score": 93.1,
        "owner_name": "Priya Verma"
      }
    },
    {
      "type": "Feature",
      "geometry": {
        "type": "Polygon",
        "coordinates": [
          [
            [
              84.72778056900606,
              19.965631775496345
            ],
            [
              84.72925301358526,
              19.965631775496345
            ],
            [
              84.72925301358526,
              19.966573040640366
            ],
            [
              84.72778056900606,
              19.966573040640366
            ],
            [
              84.72778056900606,
              19.965631775496345
            ]
          ]
        ]
      },
      "properties": {
        "ulpin": "IN-21-6404-P779",
        "area_sqm": 16050,
        "ownership_status": "Government",
        "confidence_score": 89.7,
        "owner_name": "State Govt. / Municipal"
      }
    },
    {
      "type": "Feature",
      "geometry": {
        "type": "Polygon",
        "coordinates": [
          [
            [
              84.69824757031013,
              20.28445817007619
            ],
            [
              84.69977056650039,
              20.28445817007619
            ],
            [
              84.69977056650039,
              20.28486167024865
            ],
            [
              84.69824757031013,
              20.28486167024865
            ],
            [
              84.69824757031013,
              20.28445817007619
            ]
          ]
        ]
      },
      "properties": {
        "ulpin": "IN-21-7500-P830",
        "area_sqm": 7102,
        "ownership_status": "Government",
        "confidence_score": 99.2,
        "owner_name": "State Govt. / Municipal"
      }
    },
    {
      "type": "Feature",
      "geometry": {
        "type": "Polygon",
        "coordinates": [
          [
            [
              84.22633861022678,
              20.31346113737043
            ],
            [
              84.22780540481523,
              20.31346113737043
            ],
            [
              84.22780540481523,
              20.314359709903346
            ],
            [
              84.22633861022678,
              20.314359709903346
            ],
            [
              84.22633861022678,
              20.31346113737043
            ]
          ]
        ]
      },
      "properties": {
        "ulpin": "IN-21-7541-P782",
        "area_sqm": 15229,
        "ownership_status": "Disputed",
        "confidence_score": 89.2,
        "owner_name": "Sai Verma"
      }
    },
    {
      "type": "Feature",
      "geometry": {
        "type": "Polygon",
        "coordinates": [
          [
            [
              84.73311303631148,
              20.419962771029752
            ],
            [
              84.73359789882281,
              20.419962771029752
            ],
            [
              84.73359789882281,
              20.42134804454788
            ],
            [
              84.73311303631148,
              20.42134804454788
            ],
            [
              84.73311303631148,
              20.419962771029752
            ]
          ]
        ]
      },
      "properties": {
        "ulpin": "IN-21-9599-P251",
        "area_sqm": 7755,
        "ownership_status": "Government",
        "confidence_score": 90.5,
        "owner_name": "State Govt. / Municipal"
      }
    },
    {
      "type": "Feature",
      "geometry": {
        "type": "Polygon",
        "coordinates": [
          [
            [
              84.32180491496355,
              20.321398145638824
            ],
            [
              84.3225577638036,
              20.321398145638824
            ],
            [
              84.3225577638036,
              20.32280262450913
            ],
            [
              84.32180491496355,
              20.32280262450913
            ],
            [
              84.32180491496355,
              20.321398145638824
            ]
          ]
        ]
      },
      "properties": {
        "ulpin": "IN-21-9734-P456",
        "area_sqm": 12216,
        "ownership_status": "Private",
        "confidence_score": 93.3,
        "owner_name": "Kavya Gupta"
      }
    },
    {
      "type": "Feature",
      "geometry": {
        "type": "Polygon",
        "coordinates": [
          [
            [
              84.46734250426407,
              20.152765228414584
            ],
            [
              84.46876990073382,
              20.152765228414584
            ],
            [
              84.46876990073382,
              20.153673073547537
            ],
            [
              84.46734250426407,
              20.153673073547537
            ],
            [
              84.46734250426407,
              20.152765228414584
            ]
          ]
        ]
      },
      "properties": {
        "ulpin": "IN-21-5015-P833",
        "area_sqm": 14988,
        "ownership_status": "Disputed",
        "confidence_score": 87.1,
        "owner_name": "Aarav Reddy"
      }
    },
    {
      "type": "Feature",
      "geometry": {
        "type": "Polygon",
        "coordinates": [
          [
            [
              84.70077646929573,
              19.995200203234702
            ],
            [
              84.70204987548594,
              19.995200203234702
            ],
            [
              84.70204987548594,
              19.995727778605744
            ],
            [
              84.70077646929573,
              19.995727778605744
            ],
            [
              84.70077646929573,
              19.995200203234702
            ]
          ]
        ]
      },
      "properties": {
        "ulpin": "IN-21-3444-P683",
        "area_sqm": 7778,
        "ownership_status": "Private",
        "confidence_score": 85.3,
        "owner_name": "Aarav Patel"
      }
    },
    {
      "type": "Feature",
      "geometry": {
        "type": "Polygon",
        "coordinates": [
          [
            [
              84.5733863527785,
              20.256201365472904
            ],
            [
              84.573899871164,
              20.256201365472904
            ],
            [
              84.573899871164,
              20.257613347821422
            ],
            [
              84.5733863527785,
              20.257613347821422
            ],
            [
              84.5733863527785,
              20.256201365472904
            ]
          ]
        ]
      },
      "properties": {
        "ulpin": "IN-21-9147-P456",
        "area_sqm": 8381,
        "ownership_status": "Private",
        "confidence_score": 97.4,
        "owner_name": "Aarav Gupta"
      }
    },
    {
      "type": "Feature",
      "geometry": {
        "type": "Polygon",
        "coordinates": [
          [
            [
              84.56882163129526,
              19.960360968369848
            ],
            [
              84.5702452542614,
              19.960360968369848
            ],
            [
              84.5702452542614,
              19.96108693242359
            ],
            [
              84.56882163129526,
              19.96108693242359
            ],
            [
              84.56882163129526,
              19.960360968369848
            ]
          ]
        ]
      },
      "properties": {
        "ulpin": "IN-21-6341-P262",
        "area_sqm": 11968,
        "ownership_status": "Government",
        "confidence_score": 91.2,
        "owner_name": "State Govt. / Municipal"
      }
    },
    {
      "type": "Feature",
      "geometry": {
        "type": "Polygon",
        "coordinates": [
          [
            [
              84.48261090521078,
              20.032248779977895
            ],
            [
              84.48354885227494,
              20.032248779977895
            ],
            [
              84.48354885227494,
              20.03288004086318
            ],
            [
              84.48261090521078,
              20.03288004086318
            ],
            [
              84.48261090521078,
              20.032248779977895
            ]
          ]
        ]
      },
      "properties": {
        "ulpin": "IN-21-2991-P836",
        "area_sqm": 6853,
        "ownership_status": "Private",
        "confidence_score": 96.6,
        "owner_name": "Diya Patel"
      }
    },
    {
      "type": "Feature",
      "geometry": {
        "type": "Polygon",
        "coordinates": [
          [
            [
              84.71172142994554,
              20.418053589031373
            ],
            [
              84.71261220037954,
              20.418053589031373
            ],
            [
              84.71261220037954,
              20.41945155039209
            ],
            [
              84.71172142994554,
              20.41945155039209
            ],
            [
              84.71172142994554,
              20.418053589031373
            ]
          ]
        ]
      },
      "properties": {
        "ulpin": "IN-21-4683-P192",
        "area_sqm": 14378,
        "ownership_status": "Private",
        "confidence_score": 88.3,
        "owner_name": "Aadhya Verma"
      }
    },
    {
      "type": "Feature",
      "geometry": {
        "type": "Polygon",
        "coordinates": [
          [
            [
              84.3018311035392,
              20.323724329814397
            ],
            [
              84.30323845861378,
              20.323724329814397
            ],
            [
              84.30323845861378,
              20.324474209526826
            ],
            [
              84.3018311035392,
              20.324474209526826
            ],
            [
              84.3018311035392,
              20.323724329814397
            ]
          ]
        ]
      },
      "properties": {
        "ulpin": "IN-21-1656-P317",
        "area_sqm": 12193,
        "ownership_status": "Private",
        "confidence_score": 97.9,
        "owner_name": "Ananya Kumar"
      }
    },
    {
      "type": "Feature",
      "geometry": {
        "type": "Polygon",
        "coordinates": [
          [
            [
              84.36703513734722,
              20.320067508157504
            ],
            [
              84.36842364086762,
              20.320067508157504
            ],
            [
              84.36842364086762,
              20.32088238857535
            ],
            [
              84.36703513734722,
              20.32088238857535
            ],
            [
              84.36703513734722,
              20.320067508157504
            ]
          ]
        ]
      },
      "properties": {
        "ulpin": "IN-21-2779-P716",
        "area_sqm": 13073,
        "ownership_status": "Government",
        "confidence_score": 91.2,
        "owner_name": "State Govt. / Municipal"
      }
    },
    {
      "type": "Feature",
      "geometry": {
        "type": "Polygon",
        "coordinates": [
          [
            [
              84.14534114462201,
              20.349506944954207
            ],
            [
              84.14630793483218,
              20.349506944954207
            ],
            [
              84.14630793483218,
              20.350806259754606
            ],
            [
              84.14534114462201,
              20.350806259754606
            ],
            [
              84.14534114462201,
              20.349506944954207
            ]
          ]
        ]
      },
      "properties": {
        "ulpin": "IN-21-1310-P478",
        "area_sqm": 14511,
        "ownership_status": "Private",
        "confidence_score": 85.7,
        "owner_name": "Sai Sharma"
      }
    },
    {
      "type": "Feature",
      "geometry": {
        "type": "Polygon",
        "coordinates": [
          [
            [
              84.41825014738767,
              20.235485974435374
            ],
            [
              84.4192979869611,
              20.235485974435374
            ],
            [
              84.4192979869611,
              20.235942002128276
            ],
            [
              84.41825014738767,
              20.235942002128276
            ],
            [
              84.41825014738767,
              20.235485974435374
            ]
          ]
        ]
      },
      "properties": {
        "ulpin": "IN-21-6558-P635",
        "area_sqm": 5524,
        "ownership_status": "Private",
        "confidence_score": 99.4,
        "owner_name": "Aditya Singh"
      }
    },
    {
      "type": "Feature",
      "geometry": {
        "type": "Polygon",
        "coordinates": [
          [
            [
              84.6530736939571,
              20.31337286700406
            ],
            [
              84.65395222590021,
              20.31337286700406
            ],
            [
              84.65395222590021,
              20.31473262893712
            ],
            [
              84.6530736939571,
              20.31473262893712
            ],
            [
              84.6530736939571,
              20.31337286700406
            ]
          ]
        ]
      },
      "properties": {
        "ulpin": "IN-21-2128-P670",
        "area_sqm": 13803,
        "ownership_status": "Private",
        "confidence_score": 87.6,
        "owner_name": "Aditya Rao"
      }
    },
    {
      "type": "Feature",
      "geometry": {
        "type": "Polygon",
        "coordinates": [
          [
            [
              84.33200056892868,
              20.217830440183025
            ],
            [
              84.33327223117196,
              20.217830440183025
            ],
            [
              84.33327223117196,
              20.218862589528765
            ],
            [
              84.33200056892868,
              20.218862589528765
            ],
            [
              84.33200056892868,
              20.217830440183025
            ]
          ]
        ]
      },
      "properties": {
        "ulpin": "IN-21-1206-P338",
        "area_sqm": 15175,
        "ownership_status": "Private",
        "confidence_score": 85.3,
        "owner_name": "Aditya Verma"
      }
    },
    {
      "type": "Feature",
      "geometry": {
        "type": "Polygon",
        "coordinates": [
          [
            [
              84.54927411747347,
              20.037171569633866
            ],
            [
              84.55038504069795,
              20.037171569633866
            ],
            [
              84.55038504069795,
              20.038022533785586
            ],
            [
              84.54927411747347,
              20.038022533785586
            ],
            [
              84.54927411747347,
              20.037171569633866
            ]
          ]
        ]
      },
      "properties": {
        "ulpin": "IN-21-3182-P975",
        "area_sqm": 10942,
        "ownership_status": "Disputed",
        "confidence_score": 86.6,
        "owner_name": "Aadhya Rao"
      }
    },
    {
      "type": "Feature",
      "geometry": {
        "type": "Polygon",
        "coordinates": [
          [
            [
              84.54209346759285,
              20.175416730837473
            ],
            [
              84.54338971119297,
              20.175416730837473
            ],
            [
              84.54338971119297,
              20.176112094033602
            ],
            [
              84.54209346759285,
              20.176112094033602
            ],
            [
              84.54209346759285,
              20.175416730837473
            ]
          ]
        ]
      },
      "properties": {
        "ulpin": "IN-21-6669-P769",
        "area_sqm": 10424,
        "ownership_status": "Private",
        "confidence_score": 92.8,
        "owner_name": "Aditya Singh"
      }
    },
    {
      "type": "Feature",
      "geometry": {
        "type": "Polygon",
        "coordinates": [
          [
            [
              84.47974093924277,
              20.033218481882425
            ],
            [
              84.48048297398066,
              20.033218481882425
            ],
            [
              84.48048297398066,
              20.0341033921884
            ],
            [
              84.47974093924277,
              20.0341033921884
            ],
            [
              84.47974093924277,
              20.033218481882425
            ]
          ]
        ]
      },
      "properties": {
        "ulpin": "IN-21-1000-P882",
        "area_sqm": 7600,
        "ownership_status": "Private",
        "confidence_score": 86.6,
        "owner_name": "Ananya Sharma"
      }
    },
    {
      "type": "Feature",
      "geometry": {
        "type": "Polygon",
        "coordinates": [
          [
            [
              84.49483931702537,
              20.25937285729023
            ],
            [
              84.49525526134519,
              20.25937285729023
            ],
            [
              84.49525526134519,
              20.260906502882513
            ],
            [
              84.49483931702537,
              20.260906502882513
            ],
            [
              84.49483931702537,
              20.25937285729023
            ]
          ]
        ]
      },
      "properties": {
        "ulpin": "IN-21-1516-P250",
        "area_sqm": 7373,
        "ownership_status": "Private",
        "confidence_score": 97.2,
        "owner_name": "Diya Verma"
      }
    },
    {
      "type": "Feature",
      "geometry": {
        "type": "Polygon",
        "coordinates": [
          [
            [
              84.53491640773325,
              20.36311011948367
            ],
            [
              84.53635694513486,
              20.36311011948367
            ],
            [
              84.53635694513486,
              20.364145586869306
            ],
            [
              84.53491640773325,
              20.364145586869306
            ],
            [
              84.53491640773325,
              20.36311011948367
            ]
          ]
        ]
      },
      "properties": {
        "ulpin": "IN-21-9618-P480",
        "area_sqm": 17229,
        "ownership_status": "Private",
        "confidence_score": 89.4,
        "owner_name": "Arjun Gupta"
      }
    },
    {
      "type": "Feature",
      "geometry": {
        "type": "Polygon",
        "coordinates": [
          [
            [
              84.51333055848855,
              20.273411676263432
            ],
            [
              84.5146317054424,
              20.273411676263432
            ],
            [
              84.5146317054424,
              20.274300997111535
            ],
            [
              84.51333055848855,
              20.274300997111535
            ],
            [
              84.51333055848855,
              20.273411676263432
            ]
          ]
        ]
      },
      "properties": {
        "ulpin": "IN-21-9376-P875",
        "area_sqm": 13373,
        "ownership_status": "Government",
        "confidence_score": 87.9,
        "owner_name": "State Govt. / Municipal"
      }
    },
    {
      "type": "Feature",
      "geometry": {
        "type": "Polygon",
        "coordinates": [
          [
            [
              84.14760196150823,
              20.23868840662321
            ],
            [
              84.14804137045711,
              20.23868840662321
            ],
            [
              84.14804137045711,
              20.23954330520634
            ],
            [
              84.14760196150823,
              20.23954330520634
            ],
            [
              84.14760196150823,
              20.23868840662321
            ]
          ]
        ]
      },
      "properties": {
        "ulpin": "IN-21-8504-P692",
        "area_sqm": 4342,
        "ownership_status": "Private",
        "confidence_score": 90.2,
        "owner_name": "Ananya Nair"
      }
    },
    {
      "type": "Feature",
      "geometry": {
        "type": "Polygon",
        "coordinates": [
          [
            [
              84.36120261156545,
              20.256204891445577
            ],
            [
              84.36202542945014,
              20.256204891445577
            ],
            [
              84.36202542945014,
              20.25718927171749
            ],
            [
              84.36120261156545,
              20.25718927171749
            ],
            [
              84.36120261156545,
              20.256204891445577
            ]
          ]
        ]
      },
      "properties": {
        "ulpin": "IN-21-8747-P490",
        "area_sqm": 9362,
        "ownership_status": "Government",
        "confidence_score": 98.2,
        "owner_name": "State Govt. / Municipal"
      }
    },
    {
      "type": "Feature",
      "geometry": {
        "type": "Polygon",
        "coordinates": [
          [
            [
              84.42297995196435,
              20.317031773971223
            ],
            [
              84.42388462716862,
              20.317031773971223
            ],
            [
              84.42388462716862,
              20.3179454948677
            ],
            [
              84.42297995196435,
              20.3179454948677
            ],
            [
              84.42297995196435,
              20.317031773971223
            ]
          ]
        ]
      },
      "properties": {
        "ulpin": "IN-21-6208-P565",
        "area_sqm": 9551,
        "ownership_status": "Government",
        "confidence_score": 96.8,
        "owner_name": "State Govt. / Municipal"
      }
    },
    {
      "type": "Feature",
      "geometry": {
        "type": "Polygon",
        "coordinates": [
          [
            [
              84.40995735494248,
              20.321025596671827
            ],
            [
              84.41126411517124,
              20.321025596671827
            ],
            [
              84.41126411517124,
              20.321813526082526
            ],
            [
              84.40995735494248,
              20.321813526082526
            ],
            [
              84.40995735494248,
              20.321025596671827
            ]
          ]
        ]
      },
      "properties": {
        "ulpin": "IN-21-5859-P174",
        "area_sqm": 11896,
        "ownership_status": "Private",
        "confidence_score": 92.5,
        "owner_name": "Sai Gupta"
      }
    },
    {
      "type": "Feature",
      "geometry": {
        "type": "Polygon",
        "coordinates": [
          [
            [
              84.4330635714806,
              20.137619163857135
            ],
            [
              84.43414242618725,
              20.137619163857135
            ],
            [
              84.43414242618725,
              20.13864268292937
            ],
            [
              84.4330635714806,
              20.13864268292937
            ],
            [
              84.4330635714806,
              20.137619163857135
            ]
          ]
        ]
      },
      "properties": {
        "ulpin": "IN-21-6412-P275",
        "area_sqm": 12773,
        "ownership_status": "Private",
        "confidence_score": 88.1,
        "owner_name": "Priya Patel"
      }
    },
    {
      "type": "Feature",
      "geometry": {
        "type": "Polygon",
        "coordinates": [
          [
            [
              84.22022379315577,
              20.082690854248916
            ],
            [
              84.22180266702445,
              20.082690854248916
            ],
            [
              84.22180266702445,
              20.08345978685196
            ],
            [
              84.22022379315577,
              20.08345978685196
            ],
            [
              84.22022379315577,
              20.082690854248916
            ]
          ]
        ]
      },
      "properties": {
        "ulpin": "IN-21-9378-P698",
        "area_sqm": 14048,
        "ownership_status": "Government",
        "confidence_score": 90,
        "owner_name": "State Govt. / Municipal"
      }
    },
    {
      "type": "Feature",
      "geometry": {
        "type": "Polygon",
        "coordinates": [
          [
            [
              84.35495593204355,
              20.26239700473097
            ],
            [
              84.35630815492583,
              20.26239700473097
            ],
            [
              84.35630815492583,
              20.263210009661403
            ],
            [
              84.35495593204355,
              20.263210009661403
            ],
            [
              84.35495593204355,
              20.26239700473097
            ]
          ]
        ]
      },
      "properties": {
        "ulpin": "IN-21-5115-P398",
        "area_sqm": 12707,
        "ownership_status": "Government",
        "confidence_score": 95.2,
        "owner_name": "State Govt. / Municipal"
      }
    },
    {
      "type": "Feature",
      "geometry": {
        "type": "Polygon",
        "coordinates": [
          [
            [
              84.20078987612497,
              20.031458582002344
            ],
            [
              84.2022712740519,
              20.031458582002344
            ],
            [
              84.2022712740519,
              20.032550278044216
            ],
            [
              84.20078987612497,
              20.032550278044216
            ],
            [
              84.20078987612497,
              20.031458582002344
            ]
          ]
        ]
      },
      "properties": {
        "ulpin": "IN-21-6405-P352",
        "area_sqm": 18720,
        "ownership_status": "Private",
        "confidence_score": 85.7,
        "owner_name": "Priya Patel"
      }
    },
    {
      "type": "Feature",
      "geometry": {
        "type": "Polygon",
        "coordinates": [
          [
            [
              84.59463694636298,
              20.374087578235844
            ],
            [
              84.59508824532713,
              20.374087578235844
            ],
            [
              84.59508824532713,
              20.375659286744767
            ],
            [
              84.59463694636298,
              20.375659286744767
            ],
            [
              84.59463694636298,
              20.374087578235844
            ]
          ]
        ]
      },
      "properties": {
        "ulpin": "IN-21-2642-P856",
        "area_sqm": 8192,
        "ownership_status": "Government",
        "confidence_score": 98.6,
        "owner_name": "State Govt. / Municipal"
      }
    },
    {
      "type": "Feature",
      "geometry": {
        "type": "Polygon",
        "coordinates": [
          [
            [
              84.24415984682274,
              20.07457346472531
            ],
            [
              84.24456228118099,
              20.07457346472531
            ],
            [
              84.24456228118099,
              20.074988345262415
            ],
            [
              84.24415984682274,
              20.074988345262415
            ],
            [
              84.24415984682274,
              20.07457346472531
            ]
          ]
        ]
      },
      "properties": {
        "ulpin": "IN-21-6504-P191",
        "area_sqm": 1932,
        "ownership_status": "Private",
        "confidence_score": 93.4,
        "owner_name": "Diya Verma"
      }
    },
    {
      "type": "Feature",
      "geometry": {
        "type": "Polygon",
        "coordinates": [
          [
            [
              84.20148923772972,
              20.41213681616599
            ],
            [
              84.20197118271105,
              20.41213681616599
            ],
            [
              84.20197118271105,
              20.413186833173636
            ],
            [
              84.20148923772972,
              20.413186833173636
            ],
            [
              84.20148923772972,
              20.41213681616599
            ]
          ]
        ]
      },
      "properties": {
        "ulpin": "IN-21-4713-P627",
        "area_sqm": 5843,
        "ownership_status": "Private",
        "confidence_score": 96.2,
        "owner_name": "Kavya Gupta"
      }
    },
    {
      "type": "Feature",
      "geometry": {
        "type": "Polygon",
        "coordinates": [
          [
            [
              84.35911845065355,
              20.0494388356178
            ],
            [
              84.36043519712399,
              20.0494388356178
            ],
            [
              84.36043519712399,
              20.050974207156102
            ],
            [
              84.35911845065355,
              20.050974207156102
            ],
            [
              84.35911845065355,
              20.0494388356178
            ]
          ]
        ]
      },
      "properties": {
        "ulpin": "IN-21-6372-P512",
        "area_sqm": 23399,
        "ownership_status": "Disputed",
        "confidence_score": 85.2,
        "owner_name": "Kavya Gupta"
      }
    },
    {
      "type": "Feature",
      "geometry": {
        "type": "Polygon",
        "coordinates": [
          [
            [
              84.4395644476086,
              20.395382711902236
            ],
            [
              84.44106458524958,
              20.395382711902236
            ],
            [
              84.44106458524958,
              20.39586623847659
            ],
            [
              84.4395644476086,
              20.39586623847659
            ],
            [
              84.4395644476086,
              20.395382711902236
            ]
          ]
        ]
      },
      "properties": {
        "ulpin": "IN-21-6723-P909",
        "area_sqm": 8376,
        "ownership_status": "Government",
        "confidence_score": 88.8,
        "owner_name": "State Govt. / Municipal"
      }
    },
    {
      "type": "Feature",
      "geometry": {
        "type": "Polygon",
        "coordinates": [
          [
            [
              84.59080930670368,
              20.131245483416777
            ],
            [
              84.5919971445135,
              20.131245483416777
            ],
            [
              84.5919971445135,
              20.131886627634934
            ],
            [
              84.59080930670368,
              20.131886627634934
            ],
            [
              84.59080930670368,
              20.131245483416777
            ]
          ]
        ]
      },
      "properties": {
        "ulpin": "IN-21-1457-P739",
        "area_sqm": 8810,
        "ownership_status": "Government",
        "confidence_score": 95,
        "owner_name": "State Govt. / Municipal"
      }
    },
    {
      "type": "Feature",
      "geometry": {
        "type": "Polygon",
        "coordinates": [
          [
            [
              84.13862205734776,
              20.17874262596953
            ],
            [
              84.13949110595821,
              20.17874262596953
            ],
            [
              84.13949110595821,
              20.179721162681012
            ],
            [
              84.13862205734776,
              20.179721162681012
            ],
            [
              84.13862205734776,
              20.17874262596953
            ]
          ]
        ]
      },
      "properties": {
        "ulpin": "IN-21-6908-P886",
        "area_sqm": 9834,
        "ownership_status": "Private",
        "confidence_score": 97,
        "owner_name": "Vihaan Gupta"
      }
    },
    {
      "type": "Feature",
      "geometry": {
        "type": "Polygon",
        "coordinates": [
          [
            [
              84.39082839926692,
              20.349327192506063
            ],
            [
              84.39136923895182,
              20.349327192506063
            ],
            [
              84.39136923895182,
              20.34973780803183
            ],
            [
              84.39082839926692,
              20.34973780803183
            ],
            [
              84.39082839926692,
              20.349327192506063
            ]
          ]
        ]
      },
      "properties": {
        "ulpin": "IN-21-2340-P255",
        "area_sqm": 2565,
        "ownership_status": "Private",
        "confidence_score": 97.8,
        "owner_name": "Aarav Rao"
      }
    },
    {
      "type": "Feature",
      "geometry": {
        "type": "Polygon",
        "coordinates": [
          [
            [
              84.30163513203134,
              20.148006461144377
            ],
            [
              84.30265981994877,
              20.148006461144377
            ],
            [
              84.30265981994877,
              20.148958524205888
            ],
            [
              84.30163513203134,
              20.148958524205888
            ],
            [
              84.30163513203134,
              20.148006461144377
            ]
          ]
        ]
      },
      "properties": {
        "ulpin": "IN-21-9975-P988",
        "area_sqm": 11284,
        "ownership_status": "Private",
        "confidence_score": 86.9,
        "owner_name": "Ananya Nair"
      }
    },
    {
      "type": "Feature",
      "geometry": {
        "type": "Polygon",
        "coordinates": [
          [
            [
              84.3615973245981,
              20.407872125556203
            ],
            [
              84.36310892748172,
              20.407872125556203
            ],
            [
              84.36310892748172,
              20.409445795382467
            ],
            [
              84.3615973245981,
              20.409445795382467
            ],
            [
              84.3615973245981,
              20.407872125556203
            ]
          ]
        ]
      },
      "properties": {
        "ulpin": "IN-21-7033-P479",
        "area_sqm": 27469,
        "ownership_status": "Private",
        "confidence_score": 92.6,
        "owner_name": "Kavya Sharma"
      }
    },
    {
      "type": "Feature",
      "geometry": {
        "type": "Polygon",
        "coordinates": [
          [
            [
              84.35731710765452,
              20.07461773144555
            ],
            [
              84.35782219670217,
              20.07461773144555
            ],
            [
              84.35782219670217,
              20.075854173710187
            ],
            [
              84.35731710765452,
              20.075854173710187
            ],
            [
              84.35731710765452,
              20.07461773144555
            ]
          ]
        ]
      },
      "properties": {
        "ulpin": "IN-21-3556-P382",
        "area_sqm": 7227,
        "ownership_status": "Private",
        "confidence_score": 87,
        "owner_name": "Diya Nair"
      }
    },
    {
      "type": "Feature",
      "geometry": {
        "type": "Polygon",
        "coordinates": [
          [
            [
              84.37561499089726,
              20.18526355528622
            ],
            [
              84.37622732352396,
              20.18526355528622
            ],
            [
              84.37622732352396,
              20.185691410722658
            ],
            [
              84.37561499089726,
              20.185691410722658
            ],
            [
              84.37561499089726,
              20.18526355528622
            ]
          ]
        ]
      },
      "properties": {
        "ulpin": "IN-21-3114-P159",
        "area_sqm": 3029,
        "ownership_status": "Disputed",
        "confidence_score": 86,
        "owner_name": "Priya Reddy"
      }
    },
    {
      "type": "Feature",
      "geometry": {
        "type": "Polygon",
        "coordinates": [
          [
            [
              84.16189033790512,
              20.056343469586217
            ],
            [
              84.16310846733693,
              20.056343469586217
            ],
            [
              84.16310846733693,
              20.057538917643758
            ],
            [
              84.16189033790512,
              20.057538917643758
            ],
            [
              84.16189033790512,
              20.056343469586217
            ]
          ]
        ]
      },
      "properties": {
        "ulpin": "IN-21-7462-P364",
        "area_sqm": 16853,
        "ownership_status": "Private",
        "confidence_score": 95.3,
        "owner_name": "Arjun Patel"
      }
    },
    {
      "type": "Feature",
      "geometry": {
        "type": "Polygon",
        "coordinates": [
          [
            [
              84.52764597819447,
              20.095713918417367
            ],
            [
              84.52899512667425,
              20.095713918417367
            ],
            [
              84.52899512667425,
              20.097005464402713
            ],
            [
              84.52764597819447,
              20.097005464402713
            ],
            [
              84.52764597819447,
              20.095713918417367
            ]
          ]
        ]
      },
      "properties": {
        "ulpin": "IN-21-6981-P112",
        "area_sqm": 20162,
        "ownership_status": "Private",
        "confidence_score": 98.2,
        "owner_name": "Arjun Sharma"
      }
    },
    {
      "type": "Feature",
      "geometry": {
        "type": "Polygon",
        "coordinates": [
          [
            [
              84.19214919388811,
              20.15672933891946
            ],
            [
              84.19317977364521,
              20.15672933891946
            ],
            [
              84.19317977364521,
              20.15747331087754
            ],
            [
              84.19214919388811,
              20.15747331087754
            ],
            [
              84.19214919388811,
              20.15672933891946
            ]
          ]
        ]
      },
      "properties": {
        "ulpin": "IN-21-7816-P763",
        "area_sqm": 8868,
        "ownership_status": "Disputed",
        "confidence_score": 95.5,
        "owner_name": "Kavya Kumar"
      }
    },
    {
      "type": "Feature",
      "geometry": {
        "type": "Polygon",
        "coordinates": [
          [
            [
              84.61625648768002,
              20.358678089756232
            ],
            [
              84.61686910053682,
              20.358678089756232
            ],
            [
              84.61686910053682,
              20.36010318958961
            ],
            [
              84.61625648768002,
              20.36010318958961
            ],
            [
              84.61625648768002,
              20.358678089756232
            ]
          ]
        ]
      },
      "properties": {
        "ulpin": "IN-21-1182-P952",
        "area_sqm": 10084,
        "ownership_status": "Government",
        "confidence_score": 96.9,
        "owner_name": "State Govt. / Municipal"
      }
    },
    {
      "type": "Feature",
      "geometry": {
        "type": "Polygon",
        "coordinates": [
          [
            [
              84.33830164329373,
              20.037608503416685
            ],
            [
              84.33964597248917,
              20.037608503416685
            ],
            [
              84.33964597248917,
              20.03815024935069
            ],
            [
              84.33830164329373,
              20.03815024935069
            ],
            [
              84.33830164329373,
              20.037608503416685
            ]
          ]
        ]
      },
      "properties": {
        "ulpin": "IN-21-8276-P814",
        "area_sqm": 8430,
        "ownership_status": "Government",
        "confidence_score": 94.3,
        "owner_name": "State Govt. / Municipal"
      }
    },
    {
      "type": "Feature",
      "geometry": {
        "type": "Polygon",
        "coordinates": [
          [
            [
              84.57530567755339,
              20.296375565882165
            ],
            [
              84.57608479010794,
              20.296375565882165
            ],
            [
              84.57608479010794,
              20.29751651024951
            ],
            [
              84.57530567755339,
              20.29751651024951
            ],
            [
              84.57530567755339,
              20.296375565882165
            ]
          ]
        ]
      },
      "properties": {
        "ulpin": "IN-21-6836-P556",
        "area_sqm": 10272,
        "ownership_status": "Private",
        "confidence_score": 95.7,
        "owner_name": "Arjun Kumar"
      }
    },
    {
      "type": "Feature",
      "geometry": {
        "type": "Polygon",
        "coordinates": [
          [
            [
              84.31962567941096,
              20.134428478284637
            ],
            [
              84.32106210652317,
              20.134428478284637
            ],
            [
              84.32106210652317,
              20.13583532951475
            ],
            [
              84.31962567941096,
              20.13583532951475
            ],
            [
              84.31962567941096,
              20.134428478284637
            ]
          ]
        ]
      },
      "properties": {
        "ulpin": "IN-21-2296-P587",
        "area_sqm": 23377,
        "ownership_status": "Government",
        "confidence_score": 90.5,
        "owner_name": "State Govt. / Municipal"
      }
    },
    {
      "type": "Feature",
      "geometry": {
        "type": "Polygon",
        "coordinates": [
          [
            [
              84.22112209051433,
              20.4066819115641
            ],
            [
              84.22184189496954,
              20.4066819115641
            ],
            [
              84.22184189496954,
              20.408228203929944
            ],
            [
              84.22112209051433,
              20.408228203929944
            ],
            [
              84.22112209051433,
              20.4066819115641
            ]
          ]
        ]
      },
      "properties": {
        "ulpin": "IN-21-6807-P112",
        "area_sqm": 12852,
        "ownership_status": "Private",
        "confidence_score": 97.3,
        "owner_name": "Priya Reddy"
      }
    },
    {
      "type": "Feature",
      "geometry": {
        "type": "Polygon",
        "coordinates": [
          [
            [
              84.14068083160466,
              20.04967952096011
            ],
            [
              84.14213481054895,
              20.04967952096011
            ],
            [
              84.14213481054895,
              20.051127919424037
            ],
            [
              84.14068083160466,
              20.051127919424037
            ],
            [
              84.14068083160466,
              20.04967952096011
            ]
          ]
        ]
      },
      "properties": {
        "ulpin": "IN-21-9189-P510",
        "area_sqm": 24374,
        "ownership_status": "Disputed",
        "confidence_score": 96.8,
        "owner_name": "Arjun Kumar"
      }
    },
    {
      "type": "Feature",
      "geometry": {
        "type": "Polygon",
        "coordinates": [
          [
            [
              84.32616982016258,
              20.32364494148587
            ],
            [
              84.32677083107654,
              20.32364494148587
            ],
            [
              84.32677083107654,
              20.324162962510535
            ],
            [
              84.32616982016258,
              20.324162962510535
            ],
            [
              84.32616982016258,
              20.32364494148587
            ]
          ]
        ]
      },
      "properties": {
        "ulpin": "IN-21-1031-P132",
        "area_sqm": 3597,
        "ownership_status": "Government",
        "confidence_score": 99.2,
        "owner_name": "State Govt. / Municipal"
      }
    },
    {
      "type": "Feature",
      "geometry": {
        "type": "Polygon",
        "coordinates": [
          [
            [
              84.39728796411707,
              20.052927854200433
            ],
            [
              84.39859065421295,
              20.052927854200433
            ],
            [
              84.39859065421295,
              20.054314983530602
            ],
            [
              84.39728796411707,
              20.054314983530602
            ],
            [
              84.39728796411707,
              20.052927854200433
            ]
          ]
        ]
      },
      "properties": {
        "ulpin": "IN-21-5082-P802",
        "area_sqm": 20914,
        "ownership_status": "Private",
        "confidence_score": 93.2,
        "owner_name": "Aadhya Reddy"
      }
    },
    {
      "type": "Feature",
      "geometry": {
        "type": "Polygon",
        "coordinates": [
          [
            [
              84.5135869268451,
              20.1949989739164
            ],
            [
              84.51425848801102,
              20.1949989739164
            ],
            [
              84.51425848801102,
              20.196135273359705
            ],
            [
              84.5135869268451,
              20.196135273359705
            ],
            [
              84.5135869268451,
              20.1949989739164
            ]
          ]
        ]
      },
      "properties": {
        "ulpin": "IN-21-3503-P990",
        "area_sqm": 8824,
        "ownership_status": "Private",
        "confidence_score": 90.8,
        "owner_name": "Ananya Reddy"
      }
    },
    {
      "type": "Feature",
      "geometry": {
        "type": "Polygon",
        "coordinates": [
          [
            [
              84.33288631268552,
              20.35791539310427
            ],
            [
              84.33432915360069,
              20.35791539310427
            ],
            [
              84.33432915360069,
              20.359245735670882
            ],
            [
              84.33288631268552,
              20.359245735670882
            ],
            [
              84.33288631268552,
              20.35791539310427
            ]
          ]
        ]
      },
      "properties": {
        "ulpin": "IN-21-3576-P515",
        "area_sqm": 22172,
        "ownership_status": "Government",
        "confidence_score": 98.5,
        "owner_name": "State Govt. / Municipal"
      }
    },
    {
      "type": "Feature",
      "geometry": {
        "type": "Polygon",
        "coordinates": [
          [
            [
              84.33323068953392,
              20.173687757715474
            ],
            [
              84.33449392377922,
              20.173687757715474
            ],
            [
              84.33449392377922,
              20.174265637219666
            ],
            [
              84.33323068953392,
              20.174265637219666
            ],
            [
              84.33323068953392,
              20.173687757715474
            ]
          ]
        ]
      },
      "properties": {
        "ulpin": "IN-21-7143-P455",
        "area_sqm": 8442,
        "ownership_status": "Private",
        "confidence_score": 96.6,
        "owner_name": "Aadhya Gupta"
      }
    },
    {
      "type": "Feature",
      "geometry": {
        "type": "Polygon",
        "coordinates": [
          [
            [
              84.45070687104474,
              20.157819121861635
            ],
            [
              84.45153495411452,
              20.157819121861635
            ],
            [
              84.45153495411452,
              20.158812431086197
            ],
            [
              84.45070687104474,
              20.158812431086197
            ],
            [
              84.45070687104474,
              20.157819121861635
            ]
          ]
        ]
      },
      "properties": {
        "ulpin": "IN-21-6230-P765",
        "area_sqm": 9513,
        "ownership_status": "Private",
        "confidence_score": 85.1,
        "owner_name": "Sai Singh"
      }
    },
    {
      "type": "Feature",
      "geometry": {
        "type": "Polygon",
        "coordinates": [
          [
            [
              84.30590591076164,
              20.14356269216074
            ],
            [
              84.3074465165167,
              20.14356269216074
            ],
            [
              84.3074465165167,
              20.144164251440756
            ],
            [
              84.30590591076164,
              20.144164251440756
            ],
            [
              84.30590591076164,
              20.14356269216074
            ]
          ]
        ]
      },
      "properties": {
        "ulpin": "IN-21-4204-P712",
        "area_sqm": 10720,
        "ownership_status": "Disputed",
        "confidence_score": 88.7,
        "owner_name": "Priya Singh"
      }
    },
    {
      "type": "Feature",
      "geometry": {
        "type": "Polygon",
        "coordinates": [
          [
            [
              84.66845697272835,
              20.40794128590623
            ],
            [
              84.66948947729988,
              20.40794128590623
            ],
            [
              84.66948947729988,
              20.409509116745618
            ],
            [
              84.66845697272835,
              20.409509116745618
            ],
            [
              84.66845697272835,
              20.40794128590623
            ]
          ]
        ]
      },
      "properties": {
        "ulpin": "IN-21-1234-P785",
        "area_sqm": 18693,
        "ownership_status": "Private",
        "confidence_score": 87.9,
        "owner_name": "Priya Sharma"
      }
    },
    {
      "type": "Feature",
      "geometry": {
        "type": "Polygon",
        "coordinates": [
          [
            [
              84.5675018085415,
              19.988102324435783
            ],
            [
              84.56794015121274,
              19.988102324435783
            ],
            [
              84.56794015121274,
              19.989226285733647
            ],
            [
              84.5675018085415,
              19.989226285733647
            ],
            [
              84.5675018085415,
              19.988102324435783
            ]
          ]
        ]
      },
      "properties": {
        "ulpin": "IN-21-3643-P984",
        "area_sqm": 5704,
        "ownership_status": "Private",
        "confidence_score": 95.3,
        "owner_name": "Ananya Gupta"
      }
    },
    {
      "type": "Feature",
      "geometry": {
        "type": "Polygon",
        "coordinates": [
          [
            [
              84.47707602759257,
              20.202098355856805
            ],
            [
              84.47826652015344,
              20.202098355856805
            ],
            [
              84.47826652015344,
              20.203651376719613
            ],
            [
              84.47707602759257,
              20.203651376719613
            ],
            [
              84.47707602759257,
              20.202098355856805
            ]
          ]
        ]
      },
      "properties": {
        "ulpin": "IN-21-8351-P837",
        "area_sqm": 21378,
        "ownership_status": "Private",
        "confidence_score": 95.3,
        "owner_name": "Diya Gupta"
      }
    },
    {
      "type": "Feature",
      "geometry": {
        "type": "Polygon",
        "coordinates": [
          [
            [
              84.38282046094221,
              19.99949685250875
            ],
            [
              84.38377209201893,
              19.99949685250875
            ],
            [
              84.38377209201893,
              19.99997192410273
            ],
            [
              84.38282046094221,
              19.99997192410273
            ],
            [
              84.38282046094221,
              19.99949685250875
            ]
          ]
        ]
      },
      "properties": {
        "ulpin": "IN-21-8943-P407",
        "area_sqm": 5234,
        "ownership_status": "Private",
        "confidence_score": 93.2,
        "owner_name": "Vihaan Gupta"
      }
    },
    {
      "type": "Feature",
      "geometry": {
        "type": "Polygon",
        "coordinates": [
          [
            [
              84.2990120686381,
              20.255846673028206
            ],
            [
              84.30056514369195,
              20.255846673028206
            ],
            [
              84.30056514369195,
              20.256774449435746
            ],
            [
              84.2990120686381,
              20.256774449435746
            ],
            [
              84.2990120686381,
              20.255846673028206
            ]
          ]
        ]
      },
      "properties": {
        "ulpin": "IN-21-7766-P841",
        "area_sqm": 16655,
        "ownership_status": "Government",
        "confidence_score": 97.3,
        "owner_name": "State Govt. / Municipal"
      }
    },
    {
      "type": "Feature",
      "geometry": {
        "type": "Polygon",
        "coordinates": [
          [
            [
              84.45311405196905,
              20.320336550068813
            ],
            [
              84.45373060586219,
              20.320336550068813
            ],
            [
              84.45373060586219,
              20.321039201171896
            ],
            [
              84.45311405196905,
              20.321039201171896
            ],
            [
              84.45311405196905,
              20.320336550068813
            ]
          ]
        ]
      },
      "properties": {
        "ulpin": "IN-21-6957-P995",
        "area_sqm": 5005,
        "ownership_status": "Private",
        "confidence_score": 93.1,
        "owner_name": "Priya Reddy"
      }
    },
    {
      "type": "Feature",
      "geometry": {
        "type": "Polygon",
        "coordinates": [
          [
            [
              84.7007661955345,
              20.053628130850644
            ],
            [
              84.70189674161249,
              20.053628130850644
            ],
            [
              84.70189674161249,
              20.054693742644034
            ],
            [
              84.7007661955345,
              20.054693742644034
            ],
            [
              84.7007661955345,
              20.053628130850644
            ]
          ]
        ]
      },
      "properties": {
        "ulpin": "IN-21-6473-P857",
        "area_sqm": 13943,
        "ownership_status": "Private",
        "confidence_score": 96.1,
        "owner_name": "Kavya Patel"
      }
    },
    {
      "type": "Feature",
      "geometry": {
        "type": "Polygon",
        "coordinates": [
          [
            [
              84.68173344381519,
              20.30406511584584
            ],
            [
              84.68265979847587,
              20.30406511584584
            ],
            [
              84.68265979847587,
              20.305423232595732
            ],
            [
              84.68173344381519,
              20.305423232595732
            ],
            [
              84.68173344381519,
              20.30406511584584
            ]
          ]
        ]
      },
      "properties": {
        "ulpin": "IN-21-1892-P787",
        "area_sqm": 14537,
        "ownership_status": "Private",
        "confidence_score": 91.3,
        "owner_name": "Aarav Gupta"
      }
    },
    {
      "type": "Feature",
      "geometry": {
        "type": "Polygon",
        "coordinates": [
          [
            [
              84.66910513820434,
              20.10990594770043
            ],
            [
              84.66978582587319,
              20.10990594770043
            ],
            [
              84.66978582587319,
              20.11124201483901
            ],
            [
              84.66910513820434,
              20.11124201483901
            ],
            [
              84.66910513820434,
              20.10990594770043
            ]
          ]
        ]
      },
      "properties": {
        "ulpin": "IN-21-6311-P440",
        "area_sqm": 10522,
        "ownership_status": "Private",
        "confidence_score": 92.8,
        "owner_name": "Aarav Patel"
      }
    },
    {
      "type": "Feature",
      "geometry": {
        "type": "Polygon",
        "coordinates": [
          [
            [
              84.38027536293556,
              20.199555898132655
            ],
            [
              84.38091207530168,
              20.199555898132655
            ],
            [
              84.38091207530168,
              20.200843221365748
            ],
            [
              84.38027536293556,
              20.200843221365748
            ],
            [
              84.38027536293556,
              20.199555898132655
            ]
          ]
        ]
      },
      "properties": {
        "ulpin": "IN-21-2499-P632",
        "area_sqm": 9477,
        "ownership_status": "Private",
        "confidence_score": 96.6,
        "owner_name": "Vihaan Reddy"
      }
    },
    {
      "type": "Feature",
      "geometry": {
        "type": "Polygon",
        "coordinates": [
          [
            [
              84.58170854194863,
              20.193404537891976
            ],
            [
              84.58285012495642,
              20.193404537891976
            ],
            [
              84.58285012495642,
              20.194867822933674
            ],
            [
              84.58170854194863,
              20.194867822933674
            ],
            [
              84.58170854194863,
              20.193404537891976
            ]
          ]
        ]
      },
      "properties": {
        "ulpin": "IN-21-3499-P747",
        "area_sqm": 19316,
        "ownership_status": "Private",
        "confidence_score": 92,
        "owner_name": "Vihaan Gupta"
      }
    },
    {
      "type": "Feature",
      "geometry": {
        "type": "Polygon",
        "coordinates": [
          [
            [
              84.5087775546617,
              20.27536673613382
            ],
            [
              84.51029521324214,
              20.27536673613382
            ],
            [
              84.51029521324214,
              20.27632263202456
            ],
            [
              84.5087775546617,
              20.27632263202456
            ],
            [
              84.5087775546617,
              20.27536673613382
            ]
          ]
        ]
      },
      "properties": {
        "ulpin": "IN-21-3329-P866",
        "area_sqm": 16766,
        "ownership_status": "Private",
        "confidence_score": 92.7,
        "owner_name": "Ananya Sharma"
      }
    },
    {
      "type": "Feature",
      "geometry": {
        "type": "Polygon",
        "coordinates": [
          [
            [
              84.72220641004087,
              20.36545354753771
            ],
            [
              84.72290346603833,
              20.36545354753771
            ],
            [
              84.72290346603833,
              20.36661460410654
            ],
            [
              84.72220641004087,
              20.36661460410654
            ],
            [
              84.72220641004087,
              20.36545354753771
            ]
          ]
        ]
      },
      "properties": {
        "ulpin": "IN-21-2731-P589",
        "area_sqm": 9348,
        "ownership_status": "Private",
        "confidence_score": 99.4,
        "owner_name": "Ananya Das"
      }
    },
    {
      "type": "Feature",
      "geometry": {
        "type": "Polygon",
        "coordinates": [
          [
            [
              84.58658922457568,
              20.14971570242089
            ],
            [
              84.58788645231691,
              20.14971570242089
            ],
            [
              84.58788645231691,
              20.150228866601747
            ],
            [
              84.58658922457568,
              20.150228866601747
            ],
            [
              84.58658922457568,
              20.14971570242089
            ]
          ]
        ]
      },
      "properties": {
        "ulpin": "IN-21-8551-P974",
        "area_sqm": 7699,
        "ownership_status": "Private",
        "confidence_score": 87.7,
        "owner_name": "Ananya Kumar"
      }
    },
    {
      "type": "Feature",
      "geometry": {
        "type": "Polygon",
        "coordinates": [
          [
            [
              84.14944156801477,
              20.159862863481628
            ],
            [
              84.15040759552932,
              20.159862863481628
            ],
            [
              84.15040759552932,
              20.161352726843816
            ],
            [
              84.14944156801477,
              20.161352726843816
            ],
            [
              84.14944156801477,
              20.159862863481628
            ]
          ]
        ]
      },
      "properties": {
        "ulpin": "IN-21-6152-P709",
        "area_sqm": 16646,
        "ownership_status": "Private",
        "confidence_score": 89.6,
        "owner_name": "Ananya Sharma"
      }
    },
    {
      "type": "Feature",
      "geometry": {
        "type": "Polygon",
        "coordinates": [
          [
            [
              84.18706024195357,
              20.411327833364858
            ],
            [
              84.18766584045213,
              20.411327833364858
            ],
            [
              84.18766584045213,
              20.41193059048299
            ],
            [
              84.18706024195357,
              20.41193059048299
            ],
            [
              84.18706024195357,
              20.411327833364858
            ]
          ]
        ]
      },
      "properties": {
        "ulpin": "IN-21-7227-P585",
        "area_sqm": 4215,
        "ownership_status": "Private",
        "confidence_score": 90.7,
        "owner_name": "Arjun Gupta"
      }
    },
    {
      "type": "Feature",
      "geometry": {
        "type": "Polygon",
        "coordinates": [
          [
            [
              84.51728575240344,
              20.36053066776305
            ],
            [
              84.51833131985718,
              20.36053066776305
            ],
            [
              84.51833131985718,
              20.361396360611643
            ],
            [
              84.51728575240344,
              20.361396360611643
            ],
            [
              84.51728575240344,
              20.36053066776305
            ]
          ]
        ]
      },
      "properties": {
        "ulpin": "IN-21-5604-P230",
        "area_sqm": 10455,
        "ownership_status": "Private",
        "confidence_score": 87,
        "owner_name": "Vihaan Sharma"
      }
    },
    {
      "type": "Feature",
      "geometry": {
        "type": "Polygon",
        "coordinates": [
          [
            [
              84.72589709490845,
              20.33408655205713
            ],
            [
              84.72748191290283,
              20.33408655205713
            ],
            [
              84.72748191290283,
              20.33551367751426
            ],
            [
              84.72589709490845,
              20.33551367751426
            ],
            [
              84.72589709490845,
              20.33408655205713
            ]
          ]
        ]
      },
      "properties": {
        "ulpin": "IN-21-1191-P772",
        "area_sqm": 26130,
        "ownership_status": "Private",
        "confidence_score": 94.1,
        "owner_name": "Aarav Kumar"
      }
    },
    {
      "type": "Feature",
      "geometry": {
        "type": "Polygon",
        "coordinates": [
          [
            [
              84.39380103273793,
              19.99104851522033
            ],
            [
              84.39517510108318,
              19.99104851522033
            ],
            [
              84.39517510108318,
              19.991803380737885
            ],
            [
              84.39380103273793,
              19.991803380737885
            ],
            [
              84.39380103273793,
              19.99104851522033
            ]
          ]
        ]
      },
      "properties": {
        "ulpin": "IN-21-7497-P213",
        "area_sqm": 12009,
        "ownership_status": "Private",
        "confidence_score": 87.1,
        "owner_name": "Aadhya Singh"
      }
    },
    {
      "type": "Feature",
      "geometry": {
        "type": "Polygon",
        "coordinates": [
          [
            [
              84.26858184905294,
              20.334494410537477
            ],
            [
              84.2701575721358,
              20.334494410537477
            ],
            [
              84.2701575721358,
              20.335740909997554
            ],
            [
              84.26858184905294,
              20.335740909997554
            ],
            [
              84.26858184905294,
              20.334494410537477
            ]
          ]
        ]
      },
      "properties": {
        "ulpin": "IN-21-2348-P157",
        "area_sqm": 22691,
        "ownership_status": "Government",
        "confidence_score": 86.8,
        "owner_name": "State Govt. / Municipal"
      }
    },
    {
      "type": "Feature",
      "geometry": {
        "type": "Polygon",
        "coordinates": [
          [
            [
              84.48318785843944,
              20.358907805676722
            ],
            [
              84.48448429297306,
              20.358907805676722
            ],
            [
              84.48448429297306,
              20.359766047438416
            ],
            [
              84.48318785843944,
              20.359766047438416
            ],
            [
              84.48318785843944,
              20.358907805676722
            ]
          ]
        ]
      },
      "properties": {
        "ulpin": "IN-21-1461-P782",
        "area_sqm": 12852,
        "ownership_status": "Government",
        "confidence_score": 97.8,
        "owner_name": "State Govt. / Municipal"
      }
    },
    {
      "type": "Feature",
      "geometry": {
        "type": "Polygon",
        "coordinates": [
          [
            [
              84.28232554108186,
              20.424869556927934
            ],
            [
              84.28387749704955,
              20.424869556927934
            ],
            [
              84.28387749704955,
              20.42577398758457
            ],
            [
              84.28232554108186,
              20.42577398758457
            ],
            [
              84.28232554108186,
              20.424869556927934
            ]
          ]
        ]
      },
      "properties": {
        "ulpin": "IN-21-8485-P139",
        "area_sqm": 16206,
        "ownership_status": "Disputed",
        "confidence_score": 90.9,
        "owner_name": "Aditya Kumar"
      }
    },
    {
      "type": "Feature",
      "geometry": {
        "type": "Polygon",
        "coordinates": [
          [
            [
              84.47568961680027,
              20.018844653809264
            ],
            [
              84.47704440564637,
              20.018844653809264
            ],
            [
              84.47704440564637,
              20.019990970618274
            ],
            [
              84.47568961680027,
              20.019990970618274
            ],
            [
              84.47568961680027,
              20.018844653809264
            ]
          ]
        ]
      },
      "properties": {
        "ulpin": "IN-21-1238-P172",
        "area_sqm": 17978,
        "ownership_status": "Government",
        "confidence_score": 89.6,
        "owner_name": "State Govt. / Municipal"
      }
    },
    {
      "type": "Feature",
      "geometry": {
        "type": "Polygon",
        "coordinates": [
          [
            [
              84.53746418652948,
              20.18210769633193
            ],
            [
              84.5389053361518,
              20.18210769633193
            ],
            [
              84.5389053361518,
              20.183203261744655
            ],
            [
              84.53746418652948,
              20.183203261744655
            ],
            [
              84.53746418652948,
              20.18210769633193
            ]
          ]
        ]
      },
      "properties": {
        "ulpin": "IN-21-6255-P245",
        "area_sqm": 18258,
        "ownership_status": "Private",
        "confidence_score": 87.7,
        "owner_name": "Aarav Rao"
      }
    },
    {
      "type": "Feature",
      "geometry": {
        "type": "Polygon",
        "coordinates": [
          [
            [
              84.38124796237918,
              20.24767034221095
            ],
            [
              84.3823953943616,
              20.24767034221095
            ],
            [
              84.3823953943616,
              20.249092635181274
            ],
            [
              84.38124796237918,
              20.249092635181274
            ],
            [
              84.38124796237918,
              20.24767034221095
            ]
          ]
        ]
      },
      "properties": {
        "ulpin": "IN-21-9619-P261",
        "area_sqm": 18865,
        "ownership_status": "Private",
        "confidence_score": 91,
        "owner_name": "Aarav Das"
      }
    },
    {
      "type": "Feature",
      "geometry": {
        "type": "Polygon",
        "coordinates": [
          [
            [
              84.16462707452355,
              20.294958285905157
            ],
            [
              84.16567854449984,
              20.294958285905157
            ],
            [
              84.16567854449984,
              20.29552708731929
            ],
            [
              84.16462707452355,
              20.29552708731929
            ],
            [
              84.16462707452355,
              20.294958285905157
            ]
          ]
        ]
      },
      "properties": {
        "ulpin": "IN-21-8124-P210",
        "area_sqm": 6911,
        "ownership_status": "Private",
        "confidence_score": 93.5,
        "owner_name": "Kavya Rao"
      }
    },
    {
      "type": "Feature",
      "geometry": {
        "type": "Polygon",
        "coordinates": [
          [
            [
              84.54095715994941,
              19.952412398844125
            ],
            [
              84.54175757104282,
              19.952412398844125
            ],
            [
              84.54175757104282,
              19.953641990878637
            ],
            [
              84.54095715994941,
              19.953641990878637
            ],
            [
              84.54095715994941,
              19.952412398844125
            ]
          ]
        ]
      },
      "properties": {
        "ulpin": "IN-21-5731-P211",
        "area_sqm": 11398,
        "ownership_status": "Private",
        "confidence_score": 93.8,
        "owner_name": "Vihaan Sharma"
      }
    },
    {
      "type": "Feature",
      "geometry": {
        "type": "Polygon",
        "coordinates": [
          [
            [
              84.2286102159171,
              20.29622614012531
            ],
            [
              84.22951921615542,
              20.29622614012531
            ],
            [
              84.22951921615542,
              20.297256386022433
            ],
            [
              84.2286102159171,
              20.297256386022433
            ],
            [
              84.2286102159171,
              20.29622614012531
            ]
          ]
        ]
      },
      "properties": {
        "ulpin": "IN-21-7171-P799",
        "area_sqm": 10822,
        "ownership_status": "Disputed",
        "confidence_score": 89.9,
        "owner_name": "Ananya Reddy"
      }
    },
    {
      "type": "Feature",
      "geometry": {
        "type": "Polygon",
        "coordinates": [
          [
            [
              84.64465793351985,
              20.328504454723564
            ],
            [
              84.64595224274649,
              20.328504454723564
            ],
            [
              84.64595224274649,
              20.32937544057965
            ],
            [
              84.64465793351985,
              20.32937544057965
            ],
            [
              84.64465793351985,
              20.328504454723564
            ]
          ]
        ]
      },
      "properties": {
        "ulpin": "IN-21-3893-P723",
        "area_sqm": 13024,
        "ownership_status": "Government",
        "confidence_score": 99.5,
        "owner_name": "State Govt. / Municipal"
      }
    },
    {
      "type": "Feature",
      "geometry": {
        "type": "Polygon",
        "coordinates": [
          [
            [
              84.44255670558778,
              20.348143031185405
            ],
            [
              84.44381716432729,
              20.348143031185405
            ],
            [
              84.44381716432729,
              20.349075488687742
            ],
            [
              84.44255670558778,
              20.349075488687742
            ],
            [
              84.44255670558778,
              20.348143031185405
            ]
          ]
        ]
      },
      "properties": {
        "ulpin": "IN-21-3499-P598",
        "area_sqm": 13577,
        "ownership_status": "Private",
        "confidence_score": 95.2,
        "owner_name": "Ananya Rao"
      }
    },
    {
      "type": "Feature",
      "geometry": {
        "type": "Polygon",
        "coordinates": [
          [
            [
              84.4030848403801,
              20.206954362784476
            ],
            [
              84.4036538722078,
              20.206954362784476
            ],
            [
              84.4036538722078,
              20.20836824417894
            ],
            [
              84.4030848403801,
              20.20836824417894
            ],
            [
              84.4030848403801,
              20.206954362784476
            ]
          ]
        ]
      },
      "properties": {
        "ulpin": "IN-21-7945-P816",
        "area_sqm": 9302,
        "ownership_status": "Private",
        "confidence_score": 97.4,
        "owner_name": "Kavya Singh"
      }
    },
    {
      "type": "Feature",
      "geometry": {
        "type": "Polygon",
        "coordinates": [
          [
            [
              84.3153648244238,
              20.197351728047558
            ],
            [
              84.31578101397477,
              20.197351728047558
            ],
            [
              84.31578101397477,
              20.19795219134019
            ],
            [
              84.3153648244238,
              20.19795219134019
            ],
            [
              84.3153648244238,
              20.197351728047558
            ]
          ]
        ]
      },
      "properties": {
        "ulpin": "IN-21-7092-P573",
        "area_sqm": 2889,
        "ownership_status": "Private",
        "confidence_score": 87,
        "owner_name": "Aditya Kumar"
      }
    },
    {
      "type": "Feature",
      "geometry": {
        "type": "Polygon",
        "coordinates": [
          [
            [
              84.2359995754286,
              19.961619159159458
            ],
            [
              84.23728987846503,
              19.961619159159458
            ],
            [
              84.23728987846503,
              19.962490922758757
            ],
            [
              84.2359995754286,
              19.962490922758757
            ],
            [
              84.2359995754286,
              19.961619159159458
            ]
          ]
        ]
      },
      "properties": {
        "ulpin": "IN-21-8540-P183",
        "area_sqm": 13026,
        "ownership_status": "Private",
        "confidence_score": 86,
        "owner_name": "Diya Reddy"
      }
    },
    {
      "type": "Feature",
      "geometry": {
        "type": "Polygon",
        "coordinates": [
          [
            [
              84.53837454057455,
              20.408401052255513
            ],
            [
              84.5388249308559,
              20.408401052255513
            ],
            [
              84.5388249308559,
              20.409025475361652
            ],
            [
              84.53837454057455,
              20.409025475361652
            ],
            [
              84.53837454057455,
              20.408401052255513
            ]
          ]
        ]
      },
      "properties": {
        "ulpin": "IN-21-9300-P451",
        "area_sqm": 3247,
        "ownership_status": "Private",
        "confidence_score": 99.7,
        "owner_name": "Kavya Singh"
      }
    },
    {
      "type": "Feature",
      "geometry": {
        "type": "Polygon",
        "coordinates": [
          [
            [
              84.22647275750214,
              20.2128771328075
            ],
            [
              84.22691287241697,
              20.2128771328075
            ],
            [
              84.22691287241697,
              20.21374837553855
            ],
            [
              84.22647275750214,
              20.21374837553855
            ],
            [
              84.22647275750214,
              20.2128771328075
            ]
          ]
        ]
      },
      "properties": {
        "ulpin": "IN-21-9985-P237",
        "area_sqm": 4433,
        "ownership_status": "Private",
        "confidence_score": 96.1,
        "owner_name": "Aditya Reddy"
      }
    },
    {
      "type": "Feature",
      "geometry": {
        "type": "Polygon",
        "coordinates": [
          [
            [
              84.26597614409488,
              20.234948692736406
            ],
            [
              84.2668325602853,
              20.234948692736406
            ],
            [
              84.2668325602853,
              20.235591678199228
            ],
            [
              84.26597614409488,
              20.235591678199228
            ],
            [
              84.26597614409488,
              20.234948692736406
            ]
          ]
        ]
      },
      "properties": {
        "ulpin": "IN-21-5446-P818",
        "area_sqm": 6365,
        "ownership_status": "Disputed",
        "confidence_score": 87.5,
        "owner_name": "Kavya Das"
      }
    },
    {
      "type": "Feature",
      "geometry": {
        "type": "Polygon",
        "coordinates": [
          [
            [
              84.72098472631866,
              20.170417830146985
            ],
            [
              84.72147975100688,
              20.170417830146985
            ],
            [
              84.72147975100688,
              20.17138793558382
            ],
            [
              84.72098472631866,
              20.17138793558382
            ],
            [
              84.72098472631866,
              20.170417830146985
            ]
          ]
        ]
      },
      "properties": {
        "ulpin": "IN-21-7686-P948",
        "area_sqm": 5553,
        "ownership_status": "Private",
        "confidence_score": 96.2,
        "owner_name": "Ananya Reddy"
      }
    },
    {
      "type": "Feature",
      "geometry": {
        "type": "Polygon",
        "coordinates": [
          [
            [
              84.69064382173016,
              20.125572833961204
            ],
            [
              84.692056739997,
              20.125572833961204
            ],
            [
              84.692056739997,
              20.126134299990223
            ],
            [
              84.69064382173016,
              20.126134299990223
            ],
            [
              84.69064382173016,
              20.125572833961204
            ]
          ]
        ]
      },
      "properties": {
        "ulpin": "IN-21-2114-P448",
        "area_sqm": 9177,
        "ownership_status": "Private",
        "confidence_score": 94.7,
        "owner_name": "Diya Rao"
      }
    },
    {
      "type": "Feature",
      "geometry": {
        "type": "Polygon",
        "coordinates": [
          [
            [
              84.57879383572762,
              20.42777851766787
            ],
            [
              84.58008709395823,
              20.42777851766787
            ],
            [
              84.58008709395823,
              20.428341626624068
            ],
            [
              84.57879383572762,
              20.428341626624068
            ],
            [
              84.57879383572762,
              20.42777851766787
            ]
          ]
        ]
      },
      "properties": {
        "ulpin": "IN-21-1297-P689",
        "area_sqm": 8408,
        "ownership_status": "Disputed",
        "confidence_score": 87.7,
        "owner_name": "Kavya Reddy"
      }
    },
    {
      "type": "Feature",
      "geometry": {
        "type": "Polygon",
        "coordinates": [
          [
            [
              84.17579561384241,
              20.19188645428083
            ],
            [
              84.17622038397882,
              20.19188645428083
            ],
            [
              84.17622038397882,
              20.193251097740653
            ],
            [
              84.17579561384241,
              20.193251097740653
            ],
            [
              84.17579561384241,
              20.19188645428083
            ]
          ]
        ]
      },
      "properties": {
        "ulpin": "IN-21-1783-P782",
        "area_sqm": 6703,
        "ownership_status": "Private",
        "confidence_score": 92.8,
        "owner_name": "Aadhya Nair"
      }
    },
    {
      "type": "Feature",
      "geometry": {
        "type": "Polygon",
        "coordinates": [
          [
            [
              84.47381236179001,
              20.195208619697567
            ],
            [
              84.47495692433755,
              20.195208619697567
            ],
            [
              84.47495692433755,
              20.195967491571967
            ],
            [
              84.47381236179001,
              20.195967491571967
            ],
            [
              84.47381236179001,
              20.195208619697567
            ]
          ]
        ]
      },
      "properties": {
        "ulpin": "IN-21-2179-P205",
        "area_sqm": 10043,
        "ownership_status": "Private",
        "confidence_score": 87.4,
        "owner_name": "Vihaan Gupta"
      }
    },
    {
      "type": "Feature",
      "geometry": {
        "type": "Polygon",
        "coordinates": [
          [
            [
              84.71420790043803,
              20.01947206361221
            ],
            [
              84.71504021618756,
              20.01947206361221
            ],
            [
              84.71504021618756,
              20.020788856570285
            ],
            [
              84.71420790043803,
              20.020788856570285
            ],
            [
              84.71420790043803,
              20.01947206361221
            ]
          ]
        ]
      },
      "properties": {
        "ulpin": "IN-21-3476-P816",
        "area_sqm": 12687,
        "ownership_status": "Private",
        "confidence_score": 99.3,
        "owner_name": "Arjun Gupta"
      }
    },
    {
      "type": "Feature",
      "geometry": {
        "type": "Polygon",
        "coordinates": [
          [
            [
              84.37672191758274,
              19.97763336616815
            ],
            [
              84.37801435680191,
              19.97763336616815
            ],
            [
              84.37801435680191,
              19.979206398725648
            ],
            [
              84.37672191758274,
              19.979206398725648
            ],
            [
              84.37672191758274,
              19.97763336616815
            ]
          ]
        ]
      },
      "properties": {
        "ulpin": "IN-21-1411-P294",
        "area_sqm": 23541,
        "ownership_status": "Government",
        "confidence_score": 86.7,
        "owner_name": "State Govt. / Municipal"
      }
    },
    {
      "type": "Feature",
      "geometry": {
        "type": "Polygon",
        "coordinates": [
          [
            [
              84.21895774507293,
              20.103421201687237
            ],
            [
              84.22028712205852,
              20.103421201687237
            ],
            [
              84.22028712205852,
              20.104577942906424
            ],
            [
              84.21895774507293,
              20.104577942906424
            ],
            [
              84.21895774507293,
              20.103421201687237
            ]
          ]
        ]
      },
      "properties": {
        "ulpin": "IN-21-8828-P490",
        "area_sqm": 17792,
        "ownership_status": "Private",
        "confidence_score": 90.8,
        "owner_name": "Sai Patel"
      }
    },
    {
      "type": "Feature",
      "geometry": {
        "type": "Polygon",
        "coordinates": [
          [
            [
              84.3868084577938,
              19.965776861984583
            ],
            [
              84.38801350824593,
              19.965776861984583
            ],
            [
              84.38801350824593,
              19.967071363915295
            ],
            [
              84.3868084577938,
              19.967071363915295
            ],
            [
              84.3868084577938,
              19.965776861984583
            ]
          ]
        ]
      },
      "properties": {
        "ulpin": "IN-21-5521-P142",
        "area_sqm": 18064,
        "ownership_status": "Private",
        "confidence_score": 93.4,
        "owner_name": "Sai Rao"
      }
    },
    {
      "type": "Feature",
      "geometry": {
        "type": "Polygon",
        "coordinates": [
          [
            [
              84.46345104147946,
              20.36604929413416
            ],
            [
              84.46419619808735,
              20.36604929413416
            ],
            [
              84.46419619808735,
              20.36731607408521
            ],
            [
              84.46345104147946,
              20.36731607408521
            ],
            [
              84.46345104147946,
              20.36604929413416
            ]
          ]
        ]
      },
      "properties": {
        "ulpin": "IN-21-5568-P795",
        "area_sqm": 10903,
        "ownership_status": "Private",
        "confidence_score": 88.1,
        "owner_name": "Arjun Singh"
      }
    },
    {
      "type": "Feature",
      "geometry": {
        "type": "Polygon",
        "coordinates": [
          [
            [
              84.17514942312704,
              20.1151749436049
            ],
            [
              84.17559540374756,
              20.1151749436049
            ],
            [
              84.17559540374756,
              20.115776452171968
            ],
            [
              84.17514942312704,
              20.115776452171968
            ],
            [
              84.17514942312704,
              20.1151749436049
            ]
          ]
        ]
      },
      "properties": {
        "ulpin": "IN-21-9704-P894",
        "area_sqm": 3103,
        "ownership_status": "Private",
        "confidence_score": 94.6,
        "owner_name": "Aditya Gupta"
      }
    },
    {
      "type": "Feature",
      "geometry": {
        "type": "Polygon",
        "coordinates": [
          [
            [
              84.53099320483166,
              20.07535235040509
            ],
            [
              84.5324705843853,
              20.07535235040509
            ],
            [
              84.5324705843853,
              20.076286621560886
            ],
            [
              84.53099320483166,
              20.076286621560886
            ],
            [
              84.53099320483166,
              20.07535235040509
            ]
          ]
        ]
      },
      "properties": {
        "ulpin": "IN-21-5233-P106",
        "area_sqm": 15973,
        "ownership_status": "Private",
        "confidence_score": 89.8,
        "owner_name": "Aarav Verma"
      }
    },
    {
      "type": "Feature",
      "geometry": {
        "type": "Polygon",
        "coordinates": [
          [
            [
              84.47863576633814,
              20.401417143234497
            ],
            [
              84.48016366713102,
              20.401417143234497
            ],
            [
              84.48016366713102,
              20.40202882480984
            ],
            [
              84.47863576633814,
              20.40202882480984
            ],
            [
              84.47863576633814,
              20.401417143234497
            ]
          ]
        ]
      },
      "properties": {
        "ulpin": "IN-21-4357-P760",
        "area_sqm": 10792,
        "ownership_status": "Disputed",
        "confidence_score": 91.6,
        "owner_name": "Arjun Singh"
      }
    },
    {
      "type": "Feature",
      "geometry": {
        "type": "Polygon",
        "coordinates": [
          [
            [
              84.48461578715897,
              19.95828418544664
            ],
            [
              84.48517065643338,
              19.95828418544664
            ],
            [
              84.48517065643338,
              19.959861585033757
            ],
            [
              84.48461578715897,
              19.959861585033757
            ],
            [
              84.48461578715897,
              19.95828418544664
            ]
          ]
        ]
      },
      "properties": {
        "ulpin": "IN-21-5923-P968",
        "area_sqm": 10136,
        "ownership_status": "Private",
        "confidence_score": 92.8,
        "owner_name": "Aditya Sharma"
      }
    },
    {
      "type": "Feature",
      "geometry": {
        "type": "Polygon",
        "coordinates": [
          [
            [
              84.43959261825374,
              20.261915646289317
            ],
            [
              84.44002709262524,
              20.261915646289317
            ],
            [
              84.44002709262524,
              20.262421815656786
            ],
            [
              84.43959261825374,
              20.262421815656786
            ],
            [
              84.43959261825374,
              20.261915646289317
            ]
          ]
        ]
      },
      "properties": {
        "ulpin": "IN-21-4732-P772",
        "area_sqm": 2541,
        "ownership_status": "Private",
        "confidence_score": 90.1,
        "owner_name": "Aditya Gupta"
      }
    },
    {
      "type": "Feature",
      "geometry": {
        "type": "Polygon",
        "coordinates": [
          [
            [
              84.41927216897302,
              20.149738557366675
            ],
            [
              84.42017273591193,
              20.149738557366675
            ],
            [
              84.42017273591193,
              20.150997843105756
            ],
            [
              84.41927216897302,
              20.150997843105756
            ],
            [
              84.41927216897302,
              20.149738557366675
            ]
          ]
        ]
      },
      "properties": {
        "ulpin": "IN-21-8544-P378",
        "area_sqm": 13117,
        "ownership_status": "Private",
        "confidence_score": 87.6,
        "owner_name": "Priya Gupta"
      }
    },
    {
      "type": "Feature",
      "geometry": {
        "type": "Polygon",
        "coordinates": [
          [
            [
              84.65926167215335,
              19.98082922981603
            ],
            [
              84.659681116686,
              19.98082922981603
            ],
            [
              84.659681116686,
              19.982391538790733
            ],
            [
              84.65926167215335,
              19.982391538790733
            ],
            [
              84.65926167215335,
              19.98082922981603
            ]
          ]
        ]
      },
      "properties": {
        "ulpin": "IN-21-8915-P565",
        "area_sqm": 7587,
        "ownership_status": "Government",
        "confidence_score": 90.2,
        "owner_name": "State Govt. / Municipal"
      }
    },
    {
      "type": "Feature",
      "geometry": {
        "type": "Polygon",
        "coordinates": [
          [
            [
              84.288320927915,
              19.985654251307942
            ],
            [
              84.28943950973549,
              19.985654251307942
            ],
            [
              84.28943950973549,
              19.986656483256834
            ],
            [
              84.288320927915,
              19.986656483256834
            ],
            [
              84.288320927915,
              19.985654251307942
            ]
          ]
        ]
      },
      "properties": {
        "ulpin": "IN-21-9082-P921",
        "area_sqm": 12980,
        "ownership_status": "Private",
        "confidence_score": 90.3,
        "owner_name": "Kavya Singh"
      }
    },
    {
      "type": "Feature",
      "geometry": {
        "type": "Polygon",
        "coordinates": [
          [
            [
              84.46711329620413,
              19.986642041863515
            ],
            [
              84.46863159834545,
              19.986642041863515
            ],
            [
              84.46863159834545,
              19.98740325706778
            ],
            [
              84.46711329620413,
              19.98740325706778
            ],
            [
              84.46711329620413,
              19.986642041863515
            ]
          ]
        ]
      },
      "properties": {
        "ulpin": "IN-21-9489-P300",
        "area_sqm": 13382,
        "ownership_status": "Government",
        "confidence_score": 94.7,
        "owner_name": "State Govt. / Municipal"
      }
    },
    {
      "type": "Feature",
      "geometry": {
        "type": "Polygon",
        "coordinates": [
          [
            [
              84.4782730253817,
              20.36376566821822
            ],
            [
              84.47872781348596,
              20.36376566821822
            ],
            [
              84.47872781348596,
              20.365228693905177
            ],
            [
              84.4782730253817,
              20.365228693905177
            ],
            [
              84.4782730253817,
              20.36376566821822
            ]
          ]
        ]
      },
      "properties": {
        "ulpin": "IN-21-5349-P520",
        "area_sqm": 7685,
        "ownership_status": "Private",
        "confidence_score": 93.3,
        "owner_name": "Aditya Verma"
      }
    },
    {
      "type": "Feature",
      "geometry": {
        "type": "Polygon",
        "coordinates": [
          [
            [
              84.25840230021943,
              20.26148422495589
            ],
            [
              84.25887336916206,
              20.26148422495589
            ],
            [
              84.25887336916206,
              20.262595231864378
            ],
            [
              84.25840230021943,
              20.262595231864378
            ],
            [
              84.25840230021943,
              20.26148422495589
            ]
          ]
        ]
      },
      "properties": {
        "ulpin": "IN-21-7128-P716",
        "area_sqm": 6049,
        "ownership_status": "Private",
        "confidence_score": 98.6,
        "owner_name": "Arjun Gupta"
      }
    },
    {
      "type": "Feature",
      "geometry": {
        "type": "Polygon",
        "coordinates": [
          [
            [
              84.62575952187032,
              20.348102058431557
            ],
            [
              84.62632572132522,
              20.348102058431557
            ],
            [
              84.62632572132522,
              20.34868086010907
            ],
            [
              84.62575952187032,
              20.34868086010907
            ],
            [
              84.62575952187032,
              20.348102058431557
            ]
          ]
        ]
      },
      "properties": {
        "ulpin": "IN-21-8889-P242",
        "area_sqm": 3785,
        "ownership_status": "Private",
        "confidence_score": 90.2,
        "owner_name": "Sai Gupta"
      }
    },
    {
      "type": "Feature",
      "geometry": {
        "type": "Polygon",
        "coordinates": [
          [
            [
              84.28233092530627,
              20.095125203591316
            ],
            [
              84.28380361090224,
              20.095125203591316
            ],
            [
              84.28380361090224,
              20.09573439566071
            ],
            [
              84.28233092530627,
              20.09573439566071
            ],
            [
              84.28233092530627,
              20.095125203591316
            ]
          ]
        ]
      },
      "properties": {
        "ulpin": "IN-21-1823-P646",
        "area_sqm": 10380,
        "ownership_status": "Private",
        "confidence_score": 95.6,
        "owner_name": "Vihaan Verma"
      }
    },
    {
      "type": "Feature",
      "geometry": {
        "type": "Polygon",
        "coordinates": [
          [
            [
              84.25398146397556,
              20.1841026121686
            ],
            [
              84.25539782803463,
              20.1841026121686
            ],
            [
              84.25539782803463,
              20.185067461956272
            ],
            [
              84.25398146397556,
              20.185067461956272
            ],
            [
              84.25398146397556,
              20.1841026121686
            ]
          ]
        ]
      },
      "properties": {
        "ulpin": "IN-21-8685-P728",
        "area_sqm": 15803,
        "ownership_status": "Private",
        "confidence_score": 91.4,
        "owner_name": "Ananya Patel"
      }
    },
    {
      "type": "Feature",
      "geometry": {
        "type": "Polygon",
        "coordinates": [
          [
            [
              84.62858924257087,
              20.251547716163415
            ],
            [
              84.62946747665751,
              20.251547716163415
            ],
            [
              84.62946747665751,
              20.252733955591612
            ],
            [
              84.62858924257087,
              20.252733955591612
            ],
            [
              84.62858924257087,
              20.251547716163415
            ]
          ]
        ]
      },
      "properties": {
        "ulpin": "IN-21-9440-P385",
        "area_sqm": 12042,
        "ownership_status": "Disputed",
        "confidence_score": 96.3,
        "owner_name": "Priya Das"
      }
    },
    {
      "type": "Feature",
      "geometry": {
        "type": "Polygon",
        "coordinates": [
          [
            [
              84.22629574976096,
              19.97565028283491
            ],
            [
              84.22784524695278,
              19.97565028283491
            ],
            [
              84.22784524695278,
              19.9766741067164
            ],
            [
              84.22629574976096,
              19.9766741067164
            ],
            [
              84.22629574976096,
              19.97565028283491
            ]
          ]
        ]
      },
      "properties": {
        "ulpin": "IN-21-8082-P341",
        "area_sqm": 18370,
        "ownership_status": "Private",
        "confidence_score": 97.4,
        "owner_name": "Arjun Sharma"
      }
    },
    {
      "type": "Feature",
      "geometry": {
        "type": "Polygon",
        "coordinates": [
          [
            [
              84.5958082865043,
              20.01003452266655
            ],
            [
              84.59738479991877,
              20.01003452266655
            ],
            [
              84.59738479991877,
              20.01135597105828
            ],
            [
              84.5958082865043,
              20.01135597105828
            ],
            [
              84.5958082865043,
              20.01003452266655
            ]
          ]
        ]
      },
      "properties": {
        "ulpin": "IN-21-4501-P771",
        "area_sqm": 24118,
        "ownership_status": "Private",
        "confidence_score": 91.6,
        "owner_name": "Aadhya Gupta"
      }
    },
    {
      "type": "Feature",
      "geometry": {
        "type": "Polygon",
        "coordinates": [
          [
            [
              84.56799644325292,
              20.413255549156315
            ],
            [
              84.5695687719661,
              20.413255549156315
            ],
            [
              84.5695687719661,
              20.41480125914618
            ],
            [
              84.56799644325292,
              20.41480125914618
            ],
            [
              84.56799644325292,
              20.413255549156315
            ]
          ]
        ]
      },
      "properties": {
        "ulpin": "IN-21-4715-P232",
        "area_sqm": 28064,
        "ownership_status": "Private",
        "confidence_score": 92.6,
        "owner_name": "Ananya Kumar"
      }
    },
    {
      "type": "Feature",
      "geometry": {
        "type": "Polygon",
        "coordinates": [
          [
            [
              84.35100747621917,
              20.34683747774024
            ],
            [
              84.35250102754722,
              20.34683747774024
            ],
            [
              84.35250102754722,
              20.347540806139193
            ],
            [
              84.35100747621917,
              20.347540806139193
            ],
            [
              84.35100747621917,
              20.34683747774024
            ]
          ]
        ]
      },
      "properties": {
        "ulpin": "IN-21-1018-P612",
        "area_sqm": 12135,
        "ownership_status": "Government",
        "confidence_score": 91.8,
        "owner_name": "State Govt. / Municipal"
      }
    },
    {
      "type": "Feature",
      "geometry": {
        "type": "Polygon",
        "coordinates": [
          [
            [
              84.48821273592377,
              20.221610936788824
            ],
            [
              84.48871694954354,
              20.221610936788824
            ],
            [
              84.48871694954354,
              20.222969276784642
            ],
            [
              84.48821273592377,
              20.222969276784642
            ],
            [
              84.48821273592377,
              20.221610936788824
            ]
          ]
        ]
      },
      "properties": {
        "ulpin": "IN-21-7441-P349",
        "area_sqm": 7918,
        "ownership_status": "Private",
        "confidence_score": 88.4,
        "owner_name": "Diya Singh"
      }
    },
    {
      "type": "Feature",
      "geometry": {
        "type": "Polygon",
        "coordinates": [
          [
            [
              84.63307001670361,
              20.25598090508414
            ],
            [
              84.63425784020896,
              20.25598090508414
            ],
            [
              84.63425784020896,
              20.25685629747299
            ],
            [
              84.63307001670361,
              20.25685629747299
            ],
            [
              84.63307001670361,
              20.25598090508414
            ]
          ]
        ]
      },
      "properties": {
        "ulpin": "IN-21-3450-P319",
        "area_sqm": 12019,
        "ownership_status": "Government",
        "confidence_score": 88,
        "owner_name": "State Govt. / Municipal"
      }
    },
    {
      "type": "Feature",
      "geometry": {
        "type": "Polygon",
        "coordinates": [
          [
            [
              84.50457415379118,
              20.222981509242643
            ],
            [
              84.50526997844091,
              20.222981509242643
            ],
            [
              84.50526997844091,
              20.224360945127692
            ],
            [
              84.50457415379118,
              20.224360945127692
            ],
            [
              84.50457415379118,
              20.222981509242643
            ]
          ]
        ]
      },
      "properties": {
        "ulpin": "IN-21-7828-P886",
        "area_sqm": 11097,
        "ownership_status": "Government",
        "confidence_score": 86.2,
        "owner_name": "State Govt. / Municipal"
      }
    },
    {
      "type": "Feature",
      "geometry": {
        "type": "Polygon",
        "coordinates": [
          [
            [
              84.18692100826271,
              20.249086338061844
            ],
            [
              84.18838719453761,
              20.249086338061844
            ],
            [
              84.18838719453761,
              20.249931414584893
            ],
            [
              84.18692100826271,
              20.249931414584893
            ],
            [
              84.18692100826271,
              20.249086338061844
            ]
          ]
        ]
      },
      "properties": {
        "ulpin": "IN-21-7706-P968",
        "area_sqm": 14322,
        "ownership_status": "Private",
        "confidence_score": 95.1,
        "owner_name": "Ananya Rao"
      }
    },
    {
      "type": "Feature",
      "geometry": {
        "type": "Polygon",
        "coordinates": [
          [
            [
              84.35208339580576,
              20.118360066239624
            ],
            [
              84.35350649755749,
              20.118360066239624
            ],
            [
              84.35350649755749,
              20.119919807482724
            ],
            [
              84.35208339580576,
              20.119919807482724
            ],
            [
              84.35208339580576,
              20.118360066239624
            ]
          ]
        ]
      },
      "properties": {
        "ulpin": "IN-21-6128-P742",
        "area_sqm": 25679,
        "ownership_status": "Private",
        "confidence_score": 91.1,
        "owner_name": "Aarav Singh"
      }
    },
    {
      "type": "Feature",
      "geometry": {
        "type": "Polygon",
        "coordinates": [
          [
            [
              84.67343764251098,
              20.060404855451516
            ],
            [
              84.67456859092341,
              20.060404855451516
            ],
            [
              84.67456859092341,
              20.06175748733296
            ],
            [
              84.67343764251098,
              20.06175748733296
            ],
            [
              84.67343764251098,
              20.060404855451516
            ]
          ]
        ]
      },
      "properties": {
        "ulpin": "IN-21-9413-P666",
        "area_sqm": 17704,
        "ownership_status": "Private",
        "confidence_score": 92,
        "owner_name": "Arjun Verma"
      }
    },
    {
      "type": "Feature",
      "geometry": {
        "type": "Polygon",
        "coordinates": [
          [
            [
              84.69583624356652,
              20.16976137608972
            ],
            [
              84.69694288219426,
              20.16976137608972
            ],
            [
              84.69694288219426,
              20.171243665702356
            ],
            [
              84.69583624356652,
              20.171243665702356
            ],
            [
              84.69583624356652,
              20.16976137608972
            ]
          ]
        ]
      },
      "properties": {
        "ulpin": "IN-21-9098-P319",
        "area_sqm": 18971,
        "ownership_status": "Private",
        "confidence_score": 92.6,
        "owner_name": "Diya Patel"
      }
    },
    {
      "type": "Feature",
      "geometry": {
        "type": "Polygon",
        "coordinates": [
          [
            [
              84.17352286326937,
              20.09652174024816
            ],
            [
              84.17439390163915,
              20.09652174024816
            ],
            [
              84.17439390163915,
              20.097697299552443
            ],
            [
              84.17352286326937,
              20.097697299552443
            ],
            [
              84.17352286326937,
              20.09652174024816
            ]
          ]
        ]
      },
      "properties": {
        "ulpin": "IN-21-2115-P993",
        "area_sqm": 11848,
        "ownership_status": "Private",
        "confidence_score": 92.7,
        "owner_name": "Sai Reddy"
      }
    },
    {
      "type": "Feature",
      "geometry": {
        "type": "Polygon",
        "coordinates": [
          [
            [
              84.35234166017776,
              20.276486676269112
            ],
            [
              84.3529853912499,
              20.276486676269112
            ],
            [
              84.3529853912499,
              20.27805603740654
            ],
            [
              84.35234166017776,
              20.27805603740654
            ],
            [
              84.35234166017776,
              20.276486676269112
            ]
          ]
        ]
      },
      "properties": {
        "ulpin": "IN-21-1643-P930",
        "area_sqm": 11675,
        "ownership_status": "Disputed",
        "confidence_score": 94.9,
        "owner_name": "Aarav Reddy"
      }
    },
    {
      "type": "Feature",
      "geometry": {
        "type": "Polygon",
        "coordinates": [
          [
            [
              84.23096872558524,
              20.012781229642187
            ],
            [
              84.23236951386727,
              20.012781229642187
            ],
            [
              84.23236951386727,
              20.013990387775408
            ],
            [
              84.23096872558524,
              20.013990387775408
            ],
            [
              84.23096872558524,
              20.012781229642187
            ]
          ]
        ]
      },
      "properties": {
        "ulpin": "IN-21-9847-P671",
        "area_sqm": 19608,
        "ownership_status": "Disputed",
        "confidence_score": 96.8,
        "owner_name": "Vihaan Patel"
      }
    },
    {
      "type": "Feature",
      "geometry": {
        "type": "Polygon",
        "coordinates": [
          [
            [
              84.6601782917975,
              20.123230986441232
            ],
            [
              84.66072868342192,
              20.123230986441232
            ],
            [
              84.66072868342192,
              20.12386952968225
            ],
            [
              84.6601782917975,
              20.12386952968225
            ],
            [
              84.6601782917975,
              20.123230986441232
            ]
          ]
        ]
      },
      "properties": {
        "ulpin": "IN-21-5344-P236",
        "area_sqm": 4065,
        "ownership_status": "Private",
        "confidence_score": 97.4,
        "owner_name": "Aditya Sharma"
      }
    },
    {
      "type": "Feature",
      "geometry": {
        "type": "Polygon",
        "coordinates": [
          [
            [
              84.5297749057716,
              20.08057530931802
            ],
            [
              84.53066038324648,
              20.08057530931802
            ],
            [
              84.53066038324648,
              20.081007264872348
            ],
            [
              84.5297749057716,
              20.081007264872348
            ],
            [
              84.5297749057716,
              20.08057530931802
            ]
          ]
        ]
      },
      "properties": {
        "ulpin": "IN-21-2039-P643",
        "area_sqm": 4426,
        "ownership_status": "Government",
        "confidence_score": 99.8,
        "owner_name": "State Govt. / Municipal"
      }
    },
    {
      "type": "Feature",
      "geometry": {
        "type": "Polygon",
        "coordinates": [
          [
            [
              84.47210845936932,
              19.98200591733786
            ],
            [
              84.47324271439727,
              19.98200591733786
            ],
            [
              84.47324271439727,
              19.982781695316845
            ],
            [
              84.47210845936932,
              19.982781695316845
            ],
            [
              84.47210845936932,
              19.98200591733786
            ]
          ]
        ]
      },
      "properties": {
        "ulpin": "IN-21-3549-P492",
        "area_sqm": 10188,
        "ownership_status": "Disputed",
        "confidence_score": 91.1,
        "owner_name": "Arjun Gupta"
      }
    },
    {
      "type": "Feature",
      "geometry": {
        "type": "Polygon",
        "coordinates": [
          [
            [
              84.55812723644931,
              20.07998576179349
            ],
            [
              84.55930038140943,
              20.07998576179349
            ],
            [
              84.55930038140943,
              20.08148246854013
            ],
            [
              84.55812723644931,
              20.08148246854013
            ],
            [
              84.55812723644931,
              20.07998576179349
            ]
          ]
        ]
      },
      "properties": {
        "ulpin": "IN-21-3444-P151",
        "area_sqm": 20318,
        "ownership_status": "Government",
        "confidence_score": 96.2,
        "owner_name": "State Govt. / Municipal"
      }
    },
    {
      "type": "Feature",
      "geometry": {
        "type": "Polygon",
        "coordinates": [
          [
            [
              84.40060213137724,
              19.996366227564653
            ],
            [
              84.40137390740307,
              19.996366227564653
            ],
            [
              84.40137390740307,
              19.997352985770235
            ],
            [
              84.40060213137724,
              19.997352985770235
            ],
            [
              84.40060213137724,
              19.996366227564653
            ]
          ]
        ]
      },
      "properties": {
        "ulpin": "IN-21-4634-P789",
        "area_sqm": 8817,
        "ownership_status": "Private",
        "confidence_score": 93.4,
        "owner_name": "Priya Gupta"
      }
    },
    {
      "type": "Feature",
      "geometry": {
        "type": "Polygon",
        "coordinates": [
          [
            [
              84.44144649193296,
              20.220799125677992
            ],
            [
              84.4420935788736,
              20.220799125677992
            ],
            [
              84.4420935788736,
              20.221352315772435
            ],
            [
              84.44144649193296,
              20.221352315772435
            ],
            [
              84.44144649193296,
              20.220799125677992
            ]
          ]
        ]
      },
      "properties": {
        "ulpin": "IN-21-7884-P108",
        "area_sqm": 4138,
        "ownership_status": "Private",
        "confidence_score": 86.7,
        "owner_name": "Ananya Singh"
      }
    },
    {
      "type": "Feature",
      "geometry": {
        "type": "Polygon",
        "coordinates": [
          [
            [
              84.65155036383082,
              20.082527197358065
            ],
            [
              84.65250080520181,
              20.082527197358065
            ],
            [
              84.65250080520181,
              20.083295372028978
            ],
            [
              84.65155036383082,
              20.083295372028978
            ],
            [
              84.65155036383082,
              20.082527197358065
            ]
          ]
        ]
      },
      "properties": {
        "ulpin": "IN-21-9084-P175",
        "area_sqm": 8448,
        "ownership_status": "Government",
        "confidence_score": 96.9,
        "owner_name": "State Govt. / Municipal"
      }
    },
    {
      "type": "Feature",
      "geometry": {
        "type": "Polygon",
        "coordinates": [
          [
            [
              84.2774038671257,
              20.0422861263469
            ],
            [
              84.27865484214196,
              20.0422861263469
            ],
            [
              84.27865484214196,
              20.04387745528833
            ],
            [
              84.2774038671257,
              20.04387745528833
            ],
            [
              84.2774038671257,
              20.0422861263469
            ]
          ]
        ]
      },
      "properties": {
        "ulpin": "IN-21-7673-P857",
        "area_sqm": 23042,
        "ownership_status": "Private",
        "confidence_score": 89.2,
        "owner_name": "Aarav Patel"
      }
    },
    {
      "type": "Feature",
      "geometry": {
        "type": "Polygon",
        "coordinates": [
          [
            [
              84.65578041255678,
              20.413060410804864
            ],
            [
              84.65632653931328,
              20.413060410804864
            ],
            [
              84.65632653931328,
              20.41357310492993
            ],
            [
              84.65578041255678,
              20.41357310492993
            ],
            [
              84.65578041255678,
              20.413060410804864
            ]
          ]
        ]
      },
      "properties": {
        "ulpin": "IN-21-8035-P746",
        "area_sqm": 3233,
        "ownership_status": "Government",
        "confidence_score": 98.1,
        "owner_name": "State Govt. / Municipal"
      }
    },
    {
      "type": "Feature",
      "geometry": {
        "type": "Polygon",
        "coordinates": [
          [
            [
              84.21510960101062,
              20.374505194785296
            ],
            [
              84.21597742003112,
              20.374505194785296
            ],
            [
              84.21597742003112,
              20.375687040042656
            ],
            [
              84.21510960101062,
              20.375687040042656
            ],
            [
              84.21510960101062,
              20.374505194785296
            ]
          ]
        ]
      },
      "properties": {
        "ulpin": "IN-21-3154-P164",
        "area_sqm": 11846,
        "ownership_status": "Private",
        "confidence_score": 91,
        "owner_name": "Aarav Nair"
      }
    }
  ]
}